/*
Navicat MySQL Data Transfer

Source Server         : localhost
Source Server Version : 50731
Source Host           : localhost:3306
Source Database       : test

Target Server Type    : MYSQL
Target Server Version : 50731
File Encoding         : 65001

Date: 2020-10-11 10:54:44
*/

SET FOREIGN_KEY_CHECKS=0;

-- ----------------------------
-- Table structure for `commodity`
-- ----------------------------
DROP TABLE IF EXISTS `commodity`;
CREATE TABLE `commodity` (
  `commodityId` char(16) NOT NULL DEFAULT '' COMMENT '商品id',
  `commodityImg` varchar(255) DEFAULT NULL COMMENT '商品图片',
  `price` varchar(50) DEFAULT NULL COMMENT '新价格',
  `formerPrice` varchar(50) DEFAULT NULL COMMENT '过去的价格',
  `commodityName` varchar(50) DEFAULT NULL COMMENT '商品名称',
  PRIMARY KEY (`commodityId`)
) ENGINE=InnoDB DEFAULT CHARSET=utf8mb4;

-- ----------------------------
-- Records of commodity
-- ----------------------------
INSERT INTO `commodity` VALUES ('001', '../../static/commodity/img1.png', '4999', '5999', 'HUAWEI P40 Pro 麒麟990 5G SoC芯片');
INSERT INTO `commodity` VALUES ('002', '../../static/commodity/img2.png', '1299', '1500', 'HUAWEI WATCH GT 2e 百种运动类型丨音乐播放');
INSERT INTO `commodity` VALUES ('003', '../../static/commodity/img3.png', '6899', '7999', 'HUAWEI MateBook D 15 多屏协同丨便携超级快充');
INSERT INTO `commodity` VALUES ('004', '../../static/commodity/img4.png', '5999', '6834', 'MateBook 14 2020款 显卡升级上市 第十代英特尔处理器');
INSERT INTO `commodity` VALUES ('005', '../../static/commodity/img5.png', '1888', '2000', 'HUAWEI MatePad 10.4英寸 沉浸音乐丨华为智能学习平板');
INSERT INTO `commodity` VALUES ('006', '../../static/commodity/img6.png', '2400', '2699', 'HUAWEI X GM眼镜新品 丰富立体声场 | 3D触控系统');
INSERT INTO `commodity` VALUES ('007', '../../static/commodity/img7.png', '1499', '2300', 'HUAWEI Sound X   帝瓦雷60W双低音炮');
INSERT INTO `commodity` VALUES ('008', '../../static/commodity/img8.png', '320', '530', '华为路由AX3   凌霄双核Wi-Fi 6+');
INSERT INTO `commodity` VALUES ('009', '../../static/commodity/img9.png', '8800', '7888', 'HUAWEI Mate 30 Pro 5G 双4000万徕卡电影四摄');
INSERT INTO `commodity` VALUES ('010', '../../static/commodity/img10.png', '15000', '16666', 'HUAWEI Mate Xs 鹰翼式折叠设计');
INSERT INTO `commodity` VALUES ('011', '../../static/commodity/img11.png', '1899', '2300', '华为畅享20 5G 5000mAh大电池丨6.6英寸高清大屏');
INSERT INTO `commodity` VALUES ('012', '../../static/commodity/img12.png', '12999', '14999', 'Mate 30 RS 保时捷设计 5G 超曲面OLED环幕屏');

-- ----------------------------
-- Table structure for `consult`
-- ----------------------------
DROP TABLE IF EXISTS `consult`;
CREATE TABLE `consult` (
  `consultId` char(16) NOT NULL COMMENT '咨询主键',
  `consultImg` varchar(100) DEFAULT NULL COMMENT '咨询图片',
  `journalism` varchar(50) DEFAULT NULL COMMENT '咨询内容',
  `time` date DEFAULT NULL COMMENT '发表时间',
  `browse` varchar(200) DEFAULT NULL COMMENT '浏览次数',
  PRIMARY KEY (`consultId`)
) ENGINE=InnoDB DEFAULT CHARSET=utf8mb4;

-- ----------------------------
-- Records of consult
-- ----------------------------
INSERT INTO `consult` VALUES ('001', '../../static/news/img1.jpg', '陕西新增10例境外输入确诊病例 新增7例境外输入无症状感染者', '2020-10-08', '12223');
INSERT INTO `consult` VALUES ('002', '../../static/news/img2.jpg', '男子开车高速路上“蛇形”行驶！西安民警调查发现惊人秘密！', '2020-10-07', '7657');
INSERT INTO `consult` VALUES ('003', '../../static/news/img3.png', '西安市本月起启用社保卡发放养老金 退休人员需尽快领卡激活', '2020-10-02', '9878');
INSERT INTO `consult` VALUES ('004', '../../static/news/img4.png', '昨晚西安友谊东路一小区高层突发火情 伤亡情况尚未透露', '2020-09-30', '1433');
INSERT INTO `consult` VALUES ('005', '../../static/news/img5.png', '黄蒲高速洛河特大桥全线贯通 计划年底实现全线通车', '2020-10-17', '3211');
INSERT INTO `consult` VALUES ('006', '../../static/news/img6.png', '西安航天北路（雁塔南路-神舟四路）建成通车 提前3个月完工', '2020-10-15', '6456');
INSERT INTO `consult` VALUES ('007', '../../static/news/img7.png', '西安北站西安车站售票厅增设便民服务台 方便旅客自助出行', '2020-09-24', '4234');
INSERT INTO `consult` VALUES ('008', '../../static/news/img8.png', '西安纬二十五街“断头路”打通 提前3个月实现通车目标', '2020-10-06', '5432');
INSERT INTO `consult` VALUES ('009', '../../static/news/img9.jpg', '非洲MERS严重低估，中国团队：单峰驼密接者感染率30%', '2020-10-09', '8766');
INSERT INTO `consult` VALUES ('010', '../../static/news/img10.jpg', '张爱玲：蔷薇花开凶残之夜', '2020-11-05', '5345');

-- ----------------------------
-- Table structure for `consultant`
-- ----------------------------
DROP TABLE IF EXISTS `consultant`;
CREATE TABLE `consultant` (
  `consultantId` char(16) NOT NULL COMMENT '咨询详情id',
  `headline` varchar(200) DEFAULT NULL COMMENT '标题',
  `time` date DEFAULT NULL COMMENT '发表时间',
  `browse` varchar(50) DEFAULT NULL COMMENT '浏览次数',
  `details` varchar(1000) DEFAULT NULL COMMENT '内容',
  `consultId` char(16) DEFAULT NULL COMMENT '咨询id外键',
  PRIMARY KEY (`consultantId`)
) ENGINE=InnoDB DEFAULT CHARSET=utf8mb4;

-- ----------------------------
-- Records of consultant
-- ----------------------------
INSERT INTO `consultant` VALUES ('C001', '陕西新增10例境外输入确诊病例 新增7例境外输入无症状感染者', '2020-10-08', '12223', '　　10月8日0-24时，无新增报告本地确诊病例、疑似病例、无症状感染者。截至10月8日24时，累计报告本地确诊病例245例，出院242例，死亡3例。\r\n\r\n　　10月8日0-24时，新增报告境外输入确诊病例10例、无症状感染者7例。截至10月8日24时，累计报告境外输入确诊病例180例，出院154例，在院26例。累计报告境外输入无症状感染者112例，转为确诊病例4例，解除医学观察92例，尚在医学观察的无症状感染者16例。\r\n\r\n　　今日新增：陕西新增10例境外输入确诊病例、7例境外输入无症状感染者为10月7日由乌兹别克斯坦塔什干至西安GJ8766航班乘客。10月7日GJ8766航班到达西安咸阳国际机场后，航班全部人员落实海关检疫、核酸检测、点对点转运、隔离诊疗、隔离医学观察等闭环管理措施，无陕西省内自行活动轨迹。\r\n\r\n　　当前全省隔离密切接触者502人，其中境外输入密切接触者497人，外省协查密切接触者5人。\r\n\r\n　　确诊病例1：原某某，男，41岁，辽宁籍。核酸检测结果阳性，经市级专家组会诊，诊断为新冠肺炎确诊病例，目前在定点医疗机构隔离治疗。\r\n\r\n　　确诊病例2：管某某，女，47岁，江苏籍。核酸检测结果阳性，经市级专家组会诊，诊断为新冠肺炎确诊病例，目前在定点医疗机构隔离治疗。\r\n\r\n　　确诊病例3：张某某，男，57岁，山东籍。核酸检测结果阳性，经市级专家组会诊，诊断为新', '001');
INSERT INTO `consultant` VALUES ('C002', '男子开车高速路上“蛇形”行驶！西安民警调查发现惊人秘密！', '2020-10-07', '7657', '我们常说\r\n\r\n　　开车不喝酒，喝酒不开车\r\n\r\n　　可总有人不听劝\r\n\r\n　　甚至醉酒开车上了高速......\r\n\r\n　　前两天\r\n\r\n　　在西安绕城高速上\r\n\r\n　　就发生了一起因醉酒驾车导致的交通事故\r\n\r\n　　10月6日凌晨五点左右，西安交警高速大队绕城中队接警称，绕城高速上发生了一起交通事故。\r\n\r\n　　民警：“驾驶员称他在超车道上正常行驶，突然有一辆车横在超车道上，由于雨天可能视线不是特别好，他当时踩刹车已经来不及了，直接撞上前车，也就是一辆尼桑牌小轿车。”后车司机的描述让民警产生了疑虑，前车为什么会横停在超车道上？当民警对前车司机询问时，前车司机却不予以配合。据办案民警说，当时询问前车驾驶员时，对方不仅不回答问题，还总是跟民警保持一定的距离，其怪异行为引起民警的注意。\r\n\r\n　　民警：“后车驾驶员提供了一个重要的情节，事故发生后，前车驾驶员在不停喝水，而且在应急车道护栏外不停呕吐。”后车驾驶员提供的信息，让民警更加觉得这起事故并不简单，民警立即对前车驾驶员进行了呼吸式酒精检测，结果为222mg/100ml。\r\n\r\n　　随后，民警将前车驾驶员带往医院进行血液检测，结果为212.79mg/100ml，属于醉酒驾驶。而在民警查看该车的行车记录仪画面时，行驶轨迹更是让人不寒而栗。民警：“该车在高速路上是沿\'蛇形\'状态行驶，其在应急车道大概停了十秒左右，车辆向左前方滑行到超车道', '002');
INSERT INTO `consultant` VALUES ('C003', '西安市本月起启用社保卡发放养老金 退休人员需尽快领卡激活', '2020-10-02', '9878', '按照上级工作安排，西安市参加城镇企业职工基本养老保险的退休（职）人员（以下简称“退休人员”），其基本养老金逐步使用社会保障卡进行发放。现就有关事项通告如下：\r\n\r\n　　一、自2020年起，新办理退休的人员，一律使用社会保障卡发放基本养老金。\r\n\r\n　　二、以前年度已办理退休的人员，将逐步稳妥有序地使用社会保障卡发放基本养老金。\r\n\r\n　　（一）2020年10月，对部分已激活社会保障卡金融功能的退休人员，使用社会保障卡发放基本养老金。\r\n\r\n　　（二）2020年11月，对所有已激活社会保障卡金融功能的退休人员，全部使用社会保障卡发放基本养老金。\r\n\r\n　　为了保障退休人员权益，顺利做好社会保障卡与原有银行卡发放基本养老金的衔接工作，2020年12月10日前，退休人员要尽快领取社会保障卡并激活金融功能。\r\n\r\n　　特此公告\r\n\r\n　　西安市养老保险经办处\r\n\r\n　　2020年9月30日\r\n\r\n　　从10月开始，西安市将分批启用社会保障卡发放企业职工基本养老金。2020年12月10日之前，退休人员要尽快领取“社保卡”并激活金融功能。退休人员领取“社保卡”后，持本人“社保卡”和有效身份证件，到发卡银行各营业网点进行激活使用。养老保险经办机构会在每月20日左右将基本养老金发到退休人员的“社保卡”上。\r\n\r\n　　退休人员可通过以下任意一种途径查询“社保卡”制卡进度信息：陕西养老保险APP、“秦', '003');
INSERT INTO `consultant` VALUES ('C004', '昨晚西安友谊东路一小区高层突发火情 伤亡情况尚未透露', '2020-09-30', '1433', '昨晚（10月8日）有听众向交通91.6反映，西安友谊东路附近有小区发生火情。视频显示，小区高层一住户家中燃起明火，浓烟不断冒出。交通91.6记者从辖区交警了解到，火情发生的地点为文艺路以东，友谊东路的一家属住宅小区内。\r\n\r\n　　发生火情后，消防部门立即赶往现场进行救援。目前火已扑灭，伤亡情况尚未透露。初步预测着火原因与家中家用电器有关。\r\n\r\n来源：陕西交通广播 ', '004');
INSERT INTO `consultant` VALUES ('C005', '黄蒲高速洛河特大桥全线贯通 计划年底实现全线通车', '2020-10-17', '3211', '黄蒲高速公路是国家榆（林）蓝（田）高速公路和陕西省规划主骨架网“六纵五横”中的主要组成部分。线路全长80多公里，由中铁二十局牵头投资、建设、管理、运营。建成后，将助力实现陕西省“县县通高速”目标，打通陕北革命老区脱贫致富“最后一公里”，对完善国家高速公路网、推进陕北能源化工基地建设具有重要意义。\r\n\r\n　　此次贯通的洛河特大桥全长1538米，横跨洛河及西延铁路，最高墩达131米，也是全线最高墩。该桥位处U型沟谷，两岸坡度较大，黄土覆盖层较厚，地质条件复杂，施工难度大。截至目前，黄蒲高速公路蒲城至白水段32公里已于今年1月开通，剩余白水至黄龙段48公里正在加紧建设，计划于年底实现全线通车。', '005');
INSERT INTO `consultant` VALUES ('C006', '西安航天北路（雁塔南路-神舟四路）建成通车 提前3个月完工', '2020-10-15', '6456', '市政公司现场负责人董安阳说，航天北路项目自今年3月进场施工以来，时间紧任务重，原计划将于今年12月底通车放行，在项目全体人员的不懈努力下，提前3个月达到通车放行条件。航天北路是一条连接航天基地与曲江新区的城市主干道，顺利通车后将会对周边小区居民带来极大便利；同时，项目东至金滹沱地铁站，也会极大方便市民们的交通转换。\r\n\r\n　　据悉，2020年航天基地计划打通8条断头路，其中2019年已完成4条，分别为神舟五路（航天大道-航开路）、航新路（羊村段150米）、航天西路（香堤路-规三路）、规三路(航天西路以南200米)。受疫情影响，断头路建设整体进度缓慢，航天基地自加压力，为了追上进度，各施工单位抢抓晴好天气，加班加点，利用“早施工，晚下工”的方法紧追工期。目前，在去年已完成4条断头路建设的基础上，分别于6月完成广电西路（航新路-神舟四路）断头路任务，7月完成香堤路（神舟一路-航天西路）断头路任务，8月底完成航腾路（神舟六路-航天东路）断头路任务。', '006');
INSERT INTO `consultant` VALUES ('C007', '西安北站西安车站售票厅增设便民服务台 方便旅客自助出行', '2020-09-24', '4234', '为应对返程大客流，西安北站、西安车站优化引导标识，重点对进出站流线、站内功能引导、站外交通接驳等旅客需求度高的引导标识进行更新完善，方便旅客快速定位、自助出行。\r\n\r\n　　在售票厅内均增设便民服务台，为购票旅客提供问询、引导、开水供应等服务。增设3台临时身份证制证机，办理时间由3分钟缩减至20秒，有效缩短了旅客排队时间。针对降雨天气，在站前广场搭建300平方米防雨棚，优化旅客出行环境。汉中车务段加强汉中火车站旅客乘降及进出站组织，同时开放4个安检口，保证18组进站闸机，6组出站闸机状态良好，同时增加2名手检人员，增加1名人工验证通道，保证客流高峰期进出站有序通畅。密切对接佛坪、洋县等旅游热门地区地方政府和公路交通部门，翻倍增加景区到高铁车站的公交班次，为旅客返程提供便捷的交通接驳服务。\r\n\r\n来源：三秦都市报 ', '007');
INSERT INTO `consultant` VALUES ('C008', '西安纬二十五街“断头路”打通 提前3个月实现通车目标西安纬二十五街“断头路”打通 提前3个月实现通车目标', '2020-10-06', '5432', '近日，西安纬二十五街断头路打通工作已全面完成，比原计划提前3个月实现通车目标。\r\n\r\n　　纬二十五街西起永新路，东至文景南路，全长670米，宽20米，为西安市断头路打通工作实施方案中58条需打通断头路之一。打通项目涉及道路、雨水、污水、缆线管廊、交通、照明、绿化等工程内容。\r\n\r\n　　该条道路建成后，可以通过纬二十五街、农兴路直达未央路，将解决道路周边永新苑、青门小区、臻昊景城、莲湖区希望小学等多个小区及学校周围群众的出行问题。 华商报记者 李琳\r\n\r\n来源：华商网-华商报 ', '008');
INSERT INTO `consultant` VALUES ('C009', '非洲MERS严重低估，中国团队：单峰驼密接者感染率30%', '2020-10-09', '8766', '来源：澎湃新闻\r\n\r\n非洲MERS严重低估，中国团队：单峰驼密接者感染率30%\r\n\r\n中东呼吸综合征（MERS）目前仍是全球公共卫生关注的问题。其于2012年首发于沙特阿拉伯，并迅速传播至27个国家和地区，并于2015年输入性传入中国广东省。MERS-CoV与SARS-CoV、SARS-CoV-2并称三大新型高致病人呼吸系统冠状病毒，但MERS死亡率位居榜首，高达34.8%。\r\n\r\n单峰骆驼是人畜共患传染病的源头，目前认为除人传人的病例外，MERS-CoV主要由中东地区单峰驼传播给人。值得注意的是，非洲地区单峰驼保有量占全球的近70%，且80%以上单峰驼MERS-CoV血清学阳性，然而非洲地区却从未报道过任何MERS病例。', '009');
INSERT INTO `consultant` VALUES ('C010', '张爱玲：蔷薇花开凶残之夜', '2020-11-14', '5345', '电影《色戒》和小说《小团圆》再次掀起张爱玲热潮。我没有跟风去看，铺天盖地的评论，仿佛是过多的酱油醋，很难不影响吃饺子的胃口早在上世纪70年代，张爱玲就在内地以外的华人聚居地广受青睐，以至于形成港台女性作家的张派，风靡一时内地由于众所周知的原因，直到从上世纪八九十年代起，才由柯灵《遥寄张爱玲》肇始，经夏志清大力推荐，阅读、研究张爱玲变为热门。持续的“张热”也说明大陆文学创作的缺失，并未有真正意义上的都市通俗文学的诞生（对于上海女性作家，我没把王小鹰、王安忆和陈丹燕等人算在都市通俗文学作家里）。张爱玲魅力不减，她身后的苏青、潘柳黛与施济美却仍没有引起足够的重视。张爱玲曾简约地解说最后一部作品《对照记》中的数十张照片，其中少了很多不该少的人物，这不免引起人们的猜测。李欧梵说：“她的姿态在镜花水月式的美学意境中制造了一种神秘感。”他人的解读只能是李欧梵所言“后设的后设”，张爱玲并不想真正暴露自己，正如她后半生在大洋彼岸的隐居，当得知邻居是粉丝时，她马上搬走了。这与她在沦陷时的上海高调写作、生活的状态截然相反。“这是乱世。”二十五岁的张爱玲望着黄昏时分的上海，黯然神伤。四个月后，日本投降，然而乱世还像“玻璃窗上落日的反光”，看似离去，实际上以另一种形式（张爱玲将其比作红月亮）延续。', '010');

-- ----------------------------
-- Table structure for `content`
-- ----------------------------
DROP TABLE IF EXISTS `content`;
CREATE TABLE `content` (
  `contentId` char(16) NOT NULL COMMENT '内容id',
  `img` varchar(50) DEFAULT NULL COMMENT '图片',
  `content` varchar(50) DEFAULT NULL COMMENT '内容',
  `titleId` char(16) NOT NULL COMMENT '标题外键',
  PRIMARY KEY (`contentId`),
  KEY `titleId` (`titleId`)
) ENGINE=InnoDB DEFAULT CHARSET=utf8mb4;

-- ----------------------------
-- Records of content
-- ----------------------------
INSERT INTO `content` VALUES ('B001', '../../static/pics/img1.jpg', '风格简约而不简单继承了巴洛特风格中豪华、动感、多变的视觉效果', 'A001');
INSERT INTO `content` VALUES ('B002', '../../static/pics/img2.jpg', '被无数人点赞艺术摄影作品', 'A002');
INSERT INTO `content` VALUES ('B003', '../../static/pics/img3.jpg', '迪丽热巴高清照片', 'A003');
INSERT INTO `content` VALUES ('B004', '../../static/pics/img4.jpg', '你们知道什么是空间设计吗？怎么把商业空间设计做好', 'A004');
INSERT INTO `content` VALUES ('B005', '../../static/pics/img5.jpg', '公寓套件精选', 'A005');
INSERT INTO `content` VALUES ('B006', '../../static/pics/img6.jpg', '广告摄影首先是摄影的一个门类，但是又与广告推销发生着密切的关系。', 'A006');
INSERT INTO `content` VALUES ('B007', '../../static/pics/img7.jpg', '刚接触摄影的人应该从哪些基本功连起呢？怎么样才可以快速提高自己的摄影功底？一起来看看吧！', 'A007');
INSERT INTO `content` VALUES ('B008', '../../static/pics/img8.jpg', '佳能发布专业摄像机XF705', 'A008');
INSERT INTO `content` VALUES ('B009', '../../static/pics/img9.jpg', '虞书欣淡黄的长裙优雅图片', 'A009');
INSERT INTO `content` VALUES ('B010', '../../static/pics/img10.png', '想必清纯可爱系的穿搭，对于少女们来说，是最能衬托的了。', 'A010');

-- ----------------------------
-- Table structure for `detaileddescription`
-- ----------------------------
DROP TABLE IF EXISTS `detaileddescription`;
CREATE TABLE `detaileddescription` (
  `detailedDescriptionId` char(16) NOT NULL COMMENT '商品详情内容',
  `price` varchar(50) DEFAULT NULL COMMENT '当前价格',
  `formerPrice` varchar(50) DEFAULT NULL COMMENT '从前价格',
  `commodityName` varchar(50) DEFAULT NULL COMMENT '商品名称',
  `number` varchar(50) DEFAULT NULL COMMENT '商品编号',
  `inventory` varchar(50) DEFAULT NULL COMMENT '库存',
  `parameter` varchar(10000) DEFAULT NULL COMMENT '商品参数',
  `commodityId` char(16) DEFAULT NULL COMMENT '外键商品列表id',
  PRIMARY KEY (`detailedDescriptionId`)
) ENGINE=InnoDB DEFAULT CHARSET=utf8mb4;

-- ----------------------------
-- Records of detaileddescription
-- ----------------------------
INSERT INTO `detaileddescription` VALUES ('A001', '4999', '5999', 'HUAWEI P40 Pro 麒麟990 5G SoC芯片', '2423403434', '345', '主要参数\r\n\r\n    传播名\r\n    HUAWEI P40 Pro\r\n    后置摄像头\r\n    超感知徕卡四摄：5000万像素超感知摄像头（广角， f/1.9光圈，OIS光学防抖）+ 4000万像素电影摄像头（超广角，f/1.8光圈） + 1200万像素超感光长焦摄像头（f/3.4 光圈，OIS光学防抖） + 3D深感摄像头\r\n    备注：不同模式的照片和视频的像素可能有差异，请以实际为准。\r\n    电池容量\r\n    4200mAh（典型值）\r\n    备注：电池额定容量为4100mAh。\r\n    前置摄像头\r\n    3200万像素摄像头（f/2.2光圈，自动对焦）+ 景深摄像头\r\n    备注：景深摄像头同时支持红外解锁功能，不同模式的照片和视频的像素可能有差异，请以实际为准。\r\n    屏幕尺寸\r\n    6.58英寸\r\n    备注：显示屏采用圆角设计，按照标准矩形测量时，屏幕的对角线长度是6.58英寸（实际可视区域略小）。\r\n    上市时间\r\n    2020年4月\r\n    屏幕色彩\r\n    1670万色，DCI-P3广色域\r\n    运行内存（RAM）\r\n    8GB\r\n    备注：可使用的内存容量小于此值，因为手机软件占用的空间。\r\n    机身内存（ROM）\r\n    128GB\r\n    备注：可使用的内存容量小于此值，因为手机软件占用的空间。\r\n    最大支持扩展\r\n    256GB NM存储卡（非标配，需另行购买）\r\n    分辨率\r\n    2640 × 1200 像素\r\n    备注：该分辨率对应标准矩形，实际屏幕有效像素略少。\r\n    CPU型号\r\n    HUAWEI Kirin 990 5G(麒麟990 5G)\r\n    CPU核数\r\n    八核\r\n    双卡\r\n    双卡双待\r\n\r\n主体\r\n\r\n    品牌\r\n    华为 HUAWEI\r\n    型号\r\n    ELS-AN00\r\n    传播名\r\n    HUAWEI P40 Pro\r\n    上市时间\r\n    2020年4月\r\n    外观设计\r\n    直板\r\n    操作系统\r\n    EMUI 10.1（基于Android 10）\r\n    用户界面\r\n    EMUI 10.1\r\n    CPU型号\r\n    HUAWEI Kirin 990 5G(麒麟990 5G)\r\n    CPU核数\r\n    八核\r\n    CPU主频\r\n    2*Cortex-A76 Based 2.86GHz + 2*Cortex-A76 Based 2.36GHz + 4*Cortex-A55 1.95GHz\r\n    GPU\r\n    Mali-G76\r\n    NPU\r\n    双大核NPU+微核NPU(神经网络处理单元)\r\n    双卡\r\n    双卡双待\r\n    输入方式\r\n    百度输入法华为版\r\n    特色功能\r\n    隔空操控、AI信息保护、多屏协同、畅连通话、多彩灭屏显示、深色模式、智慧分屏、人脸解锁、 智慧剪辑、智能截屏、小艺智慧语音、智慧视觉、情景智能、华为分享，无线投屏、支付保护中心、天际通、运动健康、 单手操作、皮套模式、 杂志锁屏、玩机技巧、应用锁、 应用分身、隐私空间、密码保险箱, 三重备份与恢复（云空间, 外部存储, 华为手机助手）、手机克隆\r\n    系统导航方式\r\n    手势导航、屏幕内三键导航、悬浮导航\r\n\r\n网络\r\n\r\n    网络制式\r\n    支持联通/电信 5G/4G+/4G/3G/2G，移动 5G/4G+/4G/2G\r\n    备注：*卡槽1, 2可以任意切换为默认移动数据卡。*如果两张都是电信卡，副卡（非默认移动数据卡）必须开通电信VoLTE业务，才能同时使用电信双卡。 *5G/4G网络使用，需要根据运营商网络和相关业务部署情况确定是否支持。\r\n    5G网络制式\r\n    移动5G（NR）/联通5G（NR）/电信5G（NR)\r\n    4G网络制式\r\n    移动/联通/电信4G主副卡 支持 TD-LTE/LTE FDD\r\n    3G网络制式\r\n    主卡：联通3G（WCDMA）/电信3G（CDMA 2000）；副卡：联通3G（WCDMA）\r\n    2G网络制式\r\n    主卡：移动2G（GSM）/联通2G（GSM）/电信2G（CDMA 1X）；副卡：移动2G（GSM）/联通2G（GSM）/电信2G（CDMA 1X）\r\n    备注：*电信双卡时，副卡（非默认移动数据卡）不支持电信2G。\r\n    网络频率\r\n    主卡：5G NR：n1/n3/n41(2515-2690MHz)/n77/n78/n79；FDD-LTE：B1/B2/B3/B4/B5/B6/B7/B8/B9/B12/B17/B18/B19/B20/B26；TD-LTE：B34/B38/B39/B40/B41；UMTS（WCDMA）/HSPA+/DC-HSDPA：B1/B2/B4/B5/B6/B8/B19；CDMA（主副卡二选一）：BC0（800MHz）（仅限中国电信（中国大陆+澳门））GSM： B2/B3/B5/B8（850/900/1800/1900 MHz）。副卡：FDD-LTE：B1/B2/B3/B4/B5/B6/B7/B8/B9/B12/B17/B18/B19/B20/B26；TD-LTE：B34/B38/B39/B40/B41；WCDMA：B1/B2/B4/B5/B6/B8/B19CDMA： BC0（800MHz）（仅限中国电信（中国大陆+澳门））GSM：B2/B3/B5/B8\r\n    备注：主卡：各个地区的网络和频段可能有所不同，具体取决于当地运营商以及您所在的位置。如果同时插入两张电信卡，只有一张电信卡可以使用2G/3G/4G/5G，另一张电信卡只能使用4G LTE。副卡：各个地区的网络和频段可能有所不同，具体取决于当地运营商以及您所在的位置。\r\n    数据业务\r\n    5G NR/TD-LTE/FDD-LTE/WCDMA/HSPA+/DC-HSDPA/EVDO/CDMA1X/EDGE/GPRS，支持VoLTE/ViLTE\r\n    备注：*各个地区的网络和频段可能有所不同，具体取决于当地运营商以及您所在的位置。*CDMA仅限中国电信（中国大陆+澳门）。*VoLTE/ViLTE依赖运营商网络支持并开通相关业务。\r\n    浏览器\r\n    支持（华为EMUI 浏览器）\r\n    副卡是否可以上网\r\n    支持\r\n    备注：*支持盲插，数据账户与5G账户设置绑定；*用户需打开“智能切换上网卡”的开关，主卡不能上网时自动切换到副卡上网；*副卡VOLTE通话，依赖运营商网络是否开通相关业务；*使用中国移动或者中国联通作为默认移动数据主卡，主卡支持5G网络，若副卡是中国移动卡，则支持2G/4G网络；若副卡是中国联通或者中国电信卡，则支持2G/3G/4G网络；*使用中国电信作为默认移动数据主卡，主卡支持5G网络，若副卡是中国电信卡，则支持4G网络，若副卡是中国移动卡，则支持2G/4G网络；若副卡是中国联通卡，则支持2G/3G/4G网络。\r\n\r\n屏幕\r\n\r\n    屏幕尺寸\r\n    6.58英寸\r\n    备注：显示屏采用圆角设计，按照标准矩形测量时，屏幕的对角线长度是6.58英寸（实际可视区域略小）。\r\n    屏幕色彩\r\n    1670万色，DCI-P3广色域\r\n    屏幕类型\r\n    OLED, 最高支持90Hz刷新率\r\n    分辨率\r\n    2640 × 1200 像素\r\n    备注：该分辨率对应标准矩形，实际屏幕有效像素略少。\r\n    触摸屏\r\n    多点触控触摸屏，最多支持10点触控\r\n\r\n传感器\r\n\r\n    重力感应器\r\n    支持\r\n    环境光传感器\r\n    支持\r\n    红外传感器\r\n    支持\r\n    指纹传感器\r\n    屏内指纹\r\n    霍尔传感器\r\n    支持\r\n    陀螺仪\r\n    支持\r\n    指南针\r\n    支持\r\n    接近光传感器\r\n    支持\r\n    重力传感器\r\n    支持\r\n    其他传感器\r\n    姿态感应器、色温传感器\r\n\r\n存储\r\n\r\n    运行内存（RAM）\r\n    8GB\r\n    备注：可使用的内存容量小于此值，因为手机软件占用的空间。\r\n    机身内存（ROM）\r\n    128GB\r\n    备注：可使用的内存容量小于此值，因为手机软件占用的空间。\r\n    存储卡类型\r\n    NM存储卡\r\n    最大支持扩展\r\n    256GB NM存储卡（非标配，需另行购买）\r\n\r\n娱乐功能\r\n\r\n    音效\r\n    华为Histen\r\n\r\n拍摄功能\r\n\r\n    后置摄像头\r\n    超感知徕卡四摄：5000万像素超感知摄像头（广角， f/1.9光圈，OIS光学防抖）+ 4000万像素电影摄像头（超广角，f/1.8光圈） + 1200万像素超感光长焦摄像头（f/3.4 光圈，OIS光学防抖） + 3D深感摄像头\r\n    备注：不同模式的照片和视频的像素可能有差异，请以实际为准。\r\n    前置摄像头\r\n    3200万像素摄像头（f/2.2光圈，自动对焦）+ 景深摄像头\r\n    备注：景深摄像头同时支持红外解锁功能，不同模式的照片和视频的像素可能有差异，请以实际为准。\r\n    闪光灯\r\n    后置LED闪光灯\r\n    视频拍摄\r\n    最大支持4K（3840 × 2160）视频录制，支持AIS防抖；支持720p@7680fps，720p@1920fps，1080p@960fps超级慢动作视频\r\n    备注：720p@7680fps基于AI插帧算法技术实现。\r\n    防抖模式\r\n    OIS+AIS\r\n    变焦模式\r\n    后置摄像头：5倍光学变焦（5倍变焦为近似值，镜头焦段分别为18mm，23mm，125mm）, 10倍混合变焦（三个摄像头通过不同组合实现各种环境下出色的10倍变焦效果）, 50倍数字变焦；前置摄像头：不支持\r\n    照片分辨率\r\n    后置摄像头：最大可支持 8192 × 6144像素； 前置摄像头：最大可支持 6528 × 4896像素\r\n    备注：不同拍照模式的照片像素可能有差异，请以实际为准。\r\n    摄像分辨率\r\n    后置摄像头：最大可支持 3840 × 2160像素； 前置摄像头：最大可支持 3840 × 2160像素\r\n    备注：不同拍摄模式的视频像素可能有差异，请以实际为准。\r\n    拍摄功能\r\n    后置摄像头：高像素模式、音频变焦、超高速摄影、超高清夜摄、延时摄影、超大广角、大光圈虚化、双景录像、超级夜景、人像模式、专业模式、慢动作、全景模式、黑白艺术、流光快门、HDR、智能滤镜、水印、文档矫正、AI摄影大师、动态照片、4D预测追焦、熄屏快拍、笑脸抓拍、声控拍照、定时拍照、连拍、水下相机（需要另行购买华为潜水保护壳配合使用）、灵眸手机云台3（需要在华为商城上单独购买配件支持）； 前置摄像头：自动对焦、人像模式、全景模式、趣AR、延时摄影、动态照片、智能滤镜、水印、笑脸抓拍、自拍镜像、声控拍照、定时拍照\r\n\r\n传输功能\r\n\r\n    WLAN\r\n    支持\r\n    WLAN直连\r\n    支持\r\n    WLAN 协议\r\n    802.11 a/b/g/n/ac/ax,2x2 MIMO,HE160,1024 QAM,8 Spatial-stream Sounding MU-MIMO (备注: 需要相应的路由器支持)上行和下行物理层峰值速率为2.4Gbps( 备注: 需要搭配 160MHz带宽的WiFi6路由器)\r\n    WLAN 频率\r\n    2.4GHz和5GHz\r\n    WLAN热点\r\n    支持\r\n    蓝牙\r\n    Bluetooth5.1，支持低功耗蓝牙，支持SBC、AAC，支持LDAC高清音频\r\n    蓝牙文件传输\r\n    支持\r\n    PC数据同步\r\n    支持（预置Hisuite）\r\n    OTG\r\n    支持（反向供电时最大输出电流1A/5V）\r\n    红外遥控\r\n    支持\r\n    定位\r\n    支持 GPS（L1+L5双频）/AGPS/GLONASS/北斗（B1I+B1C+B2a三频）/ 伽利略（E1+E5a双频）/QZSS（L1+L5双频）/ NavIC\r\n    手机投屏\r\n    支持\r\n    导航软件\r\n    支持第三方地图导航\r\n    NFC\r\n    支持读卡器模式、点对点模式、卡模拟模式（华为钱包支付，SIM卡支付*，HCE支付）*SIM卡支付所使用的SIM卡只能放在SIM1卡槽\r\n\r\n通话和信息功能\r\n\r\n    视频通话\r\n    支持（华为畅连，运营商和第三方软件）\r\n    备注：华为畅连由“畅连”APP应用支持。\r\n\r\n个人助理\r\n\r\n    Office\r\n    支持（内置WPS Office，支持OFFICE文档查看和编辑，支持pdf文档查看，支持zip解压等）\r\n    电子邮件\r\n    支持（POP3/IMAP/Exchange）\r\n    计算器\r\n    支持\r\n    闹钟\r\n    支持（支持关机闹钟）\r\n    录音\r\n    支持\r\n    实用工具\r\n    指南针、手电筒、镜子、日历、图库、音乐、视频、计算器、备忘录、录音机、天气、时钟、文件管理、 健康使用手机、手机管家、AR测量\r\n    人脸解锁\r\n    支持\r\n    无线充电\r\n    支持27W华为无线超级快充，支持无线反向充电\r\n    备注：需单独购买华为超级快充无线充电器（27W）或华为超级快充无线车充（27W）。\r\n\r\n防护级别\r\n\r\n    防尘防水\r\n    支持防尘抗水（IP68）\r\n    备注：本手机并非专业防水手机，在正常使用状态下可防溅、抗水、防尘，在受控实验室条件下经测试，其效果在GB/T 4208-2017（国内）/ IEC 60529（海外）标准下达到 IP68 级别。防溅、抗水、防尘功能并非永久有效，防护性能可能会因日常磨损而下降。请勿在潮湿状态下为手机充电；请参阅使用手册了解清洁和干燥说明。由于浸入液体而导致的损坏不在保修范围之内。 备注： * IP68中防水条件为（1）无流动清水，水深1.5米；（2）试验时间30分钟；（3）水温与产品温差不大于5摄氏度。\r\n\r\n其他\r\n\r\n    电池类型\r\n    锂离子聚合物电池\r\n    电池容量\r\n    4200mAh（典型值）\r\n    备注：电池额定容量为4100mAh。\r\n    电池更换\r\n    不支持（内置不可拆卸）\r\n    充电器\r\n    标配充电器支持10V/4A或9V/2A或5V/2A输出\r\n    理论待机时间\r\n    最长可达15.8天\r\n    备注：上述数据为实验室数据，实际待机时间，视当地的实际网络情况和使用习惯而有所不同。\r\n    快充\r\n    手机支持最大10V/4A超级快充，兼容4.5V/5A或5V/4.5A超级快充，兼容9V/2A快充。手机同时支持27W华为无线超级快充，支持无线反向充电\r\n    备注：需单独购买华为超级快充无线充电器（27W）或华为超级快充无线车充（27W）。\r\n    数据线接口\r\n    USB Type-C，USB 3.1 GEN1，支持DP1.2\r\n    备注：*USB 3.1 GEN1功能需搭配支持USB 3.1 GEN1的数据线（非标配，需另行购买）使用。*标配数据线支持USB 2.0。\r\n    耳机接口\r\n    USB Type-C\r\n    备注：支持USB Type-C模拟和数字耳机。\r\n    SIM卡类型\r\n    卡槽1：nano SIM卡 ；卡槽2：nano SIM卡或超微型存储卡（NM存储卡）\r\n    备注：请将超微型存储卡（NM存储卡）插入卡槽 2 使用。如果需要，您可以在华为商城和华为授权经销商处购买。\r\n    软件名称\r\n    华为终端智能设备人机交互通信软件V9.0\r\n    产品工作温度\r\n    0℃～35℃\r\n    产品存储温度\r\n    –20℃～45℃\r\n    整机充放电温度\r\n    放电：-20℃-60℃，充电：0℃-50℃ 电池单体规格书中充电温度范围为0℃-60℃\r\n    机身尺寸\r\n    158.2mm（长）*72.6mm（宽）*8.95mm（厚）\r\n    备注：实际尺寸依配置、制造工艺、测量方法的不同可能有所差异。\r\n    机身重量\r\n    约209克（含电池）\r\n    备注：实际重量依配置、制造工艺、测量方法的不同可能有所差异。<img class=\"gomeImgLoad\" style=\"\" src=\"https://res.vmallres.com/pimages/detailImg/2020/05/06/D904D83093867F67B603AF4BDBE32F6BB90C4025E987F55E.jpg\"><img class=\"gomeImgLoad\" src=\"https://res.vmallres.com/pimages/detailImg/2020/07/24/A9722748648E6E2580BDF587D9D3AD4DC309AB5FA1C216A3.jpg\"><img class=\"gomeImgLoad\"src=\"https://res.vmallres.com/pimages/detailImg/2020/05/06/30876E629D665CE7DA18C13A3C7E7D150F469AC8AEC0A4E6.jpg\"><img class=\"gomeImgLoad\"  src=\"https://res.vmallres.com/pimages/detailImg/2020/05/06/A0059C00EC226777B11EECB3BC6D5ADD894B92D764E65217.jpg\"><img class=\"gomeImgLoad\" src=\"https://res.vmallres.com/pimages/detailImg/2020/05/06/CAFBE764EECE63797F62C5615331F8D23265048932ACEA46.jpg\"><img class=\"gomeImgLoad\" src=\"https://res.vmallres.com/pimages/detailImg/2020/05/06/D35FFE079CCBADF2A2A832BB80C9472758A9812D3877A984.jpg\"><img class=\"gomeImgLoad\"src=\"https://res.vmallres.com/pimages/detailImg/2020/05/06/D70B2B784FB0051F2177529B20A8CE9755E8CBA95385D96D.jpg\">', '001');
INSERT INTO `detaileddescription` VALUES ('A002', '1299', '1500', 'HUAWEI WATCH GT 2e 百种运动类型丨音乐播放', '2342342344', '423', '主要参数\r\n\r\n    传播名\r\n    HUAWEI WATCH GT 2e\r\n    匹配系统\r\n    Android 4.4及以上 ，iOS 9.0及以上\r\n    屏幕\r\n    AMOLED 彩色圆屏\r\n    电池容量\r\n    455 mAh\r\n    充电接口\r\n    磁吸顶针充电口\r\n    理论工作时间\r\n    典型工作时间2周\r\n    备注：典型使用场景根据大多数用户使用习惯而定，具体使用时间取决于用户对手表的使用习惯和频率\r\n\r\n主体\r\n\r\n    品牌\r\n    HUAWEI\r\n    传播名\r\n    HUAWEI WATCH GT 2e\r\n\r\n规格\r\n\r\n    蓝牙\r\n    2.4 GHz，蓝牙5.1，支持BLE/BR/EDR\r\n    匹配系统\r\n    Android 4.4及以上 ，iOS 9.0及以上\r\n    屏幕\r\n    AMOLED 彩色圆屏\r\n    电池容量\r\n    455 mAh\r\n    材质\r\n    金属+塑胶\r\n    按键\r\n    电源键、功能键\r\n    充电接口\r\n    磁吸顶针充电口\r\n    理论工作时间\r\n    典型工作时间2周\r\n    备注：典型使用场景根据大多数用户使用习惯而定，具体使用时间取决于用户对手表的使用习惯和频率\r\n    安全防护\r\n    5ATM游泳级防水\r\n    传感器\r\n    加速度传感器、陀螺仪传感器、地磁传感器、光学心率传感器、环境光传感器、气压传感器、电容传感器\r\n    NFC\r\n    仅中国支持\r\n\r\n属性\r\n\r\n    尺寸\r\n    长×宽×高（单位：mm）：53×46.8×10.8mm\r\n    备注：10.8mm为最薄处高度（手表表面到底壳，不包括传感器区域）\r\n    重量\r\n    约43.5g（不含表带）\r\n    软件名称\r\n    华为终端智能手环控制软件V6.0\r\n\r\n商品编码\r\n\r\n    2901010016101<img class=\"gomeImgLoad\" src=\"https://res.vmallres.com/pimages/detailImg/2020/04/18/32F289FEC4FD591C73139C2787D8A7A6A05AF974DB9812DB.jpg\"><img class=\"gomeImgLoad\" src=\"https://res.vmallres.com/pimages/detailImg/2020/05/22/2FE7022DC21E78E14E56D34B9ED0F7457DAAF08D678CC81F.jpg\"><img class=\"gomeImgLoad\" src=\"https://res.vmallres.com/pimages/detailImg/2020/05/22/6C90B9BDA966AEA7475990954316F8AE53DE22ADD30DD932.jpg\"><img class=\"gomeImgLoad\" src=\"https://res.vmallres.com/pimages/detailImg/2020/05/22/7EBF0F7A6F514BB74AC3F23F45D90EE416874ACCD92C5479.jpg\"><img class=\"gomeImgLoad\" src=\"https://res.vmallres.com/pimages/detailImg/2020/05/22/EF820799A09872D1E54C43A270BF2349887C7A2549A06C59.jpg\"><img class=\"gomeImgLoad\" src=\"https://res.vmallres.com/pimages/detailImg/2020/05/22/1A7C64E02A6A678D4090B5B253D8E6B37980024160A00F63.jpg\"><img class=\"gomeImgLoad\"  src=\"https://res.vmallres.com/pimages/detailImg/2020/05/22/AB6676CBA81D7B3E54B4ADE7DD05251FE29AEAB944494C61.jpg\">', '002');
INSERT INTO `detaileddescription` VALUES ('A003', '6899', '7999', 'HUAWEI MateBook D 15 多屏协同丨便携超级快充', '32344324233', '543', '主要参数\r\n\r\n    屏幕尺寸\r\n    15.6英寸\r\n    运行内存\r\n    8GB\r\n    传播名\r\n    HUAWEI MateBook D 15\r\n    屏幕色彩\r\n    45% NTSC 色域\r\n    电池容量\r\n    42Wh（额定值）\r\n    存储容量\r\n    SSD 512GB\r\n    分辨率\r\n    1920x1080像素\r\n    CPU型号\r\n    第十代智能英特尔® 酷睿™ i5-10210U 处理器\r\n    CPU核数\r\n    4核\r\n\r\n主体\r\n\r\n    品牌\r\n    华为\r\n    型号\r\n    BoB-WAH9\r\n    传播名\r\n    HUAWEI MateBook D 15\r\n    操作系统\r\n    Windows 10 64位 家庭版\r\n    CPU型号\r\n    第十代智能英特尔® 酷睿™ i5-10210U 处理器\r\n    CPU核数\r\n    4核\r\n    CPU主频\r\n    基频1.6GHz，最大睿频频率4.2GHz\r\n    显卡\r\n    NVIDIA® GeForce® MX250\r\n    键盘类型\r\n    孤岛式巧克力键盘, 全尺寸键盘\r\n    显存容量（独立显卡）\r\n    2GB\r\n    显存类型\r\n    GDDR5\r\n    显卡主频\r\n    1518MHz\r\n\r\n屏幕\r\n\r\n    屏幕尺寸\r\n    15.6英寸\r\n    屏幕色彩\r\n    45% NTSC 色域\r\n    屏幕类型\r\n    IPS屏，雾面屏\r\n    屏幕比例\r\n    16：9\r\n    分辨率\r\n    1920x1080像素\r\n    可视角度\r\n    178度的宽广视角\r\n    PPI\r\n    141PPI（每英寸像素点）\r\n    触摸屏\r\n    不涉及\r\n    对比度\r\n    800：1\r\n    亮度\r\n    250尼特\r\n    护眼模式\r\n    支持（莱茵护眼认证）\r\n    屏占比\r\n    87%\r\n\r\n存储\r\n\r\n    运行内存\r\n    8GB\r\n    内存类型\r\n    DDR4\r\n    存储容量\r\n    SSD 512GB\r\n    硬盘类型\r\n    SSD\r\n\r\n传感器\r\n\r\n    光线感应器\r\n    不涉及\r\n    重力感应器\r\n    支持\r\n    陀螺仪\r\n    不涉及\r\n    指纹传感器\r\n    支持\r\n    霍尔传感器\r\n    支持\r\n    NFC\r\n    不支持\r\n    充电指示灯\r\n    支持（白色）\r\n\r\n传输功能\r\n\r\n    WLAN 标准\r\n    IEEE 802.11a/b/g/n/ac\r\n    WLAN 工作频段\r\n    2.4GHz和5GHz双频\r\n    WLAN 加密方式\r\n    支持WPA/WPA2/WEP\r\n    GPS\r\n    不涉及\r\n    蓝牙\r\n    蓝牙5.0，兼容蓝牙4.2, 蓝牙2.1+EDR\r\n\r\n摄像功能\r\n\r\n    摄像头\r\n    隐藏式摄像头\r\n    摄像头像素\r\n    100万像素（720P HD）\r\n\r\n个人助理\r\n\r\n    浏览器\r\n    Microsoft Edge 默认浏览器\r\n\r\n其他\r\n\r\n    电池类型\r\n    锂聚合物电池\r\n    电池容量\r\n    42Wh（额定值）\r\n    电池更换\r\n    不支持\r\n    充电时间\r\n    1小时充电不小于70%，充满约2.5小时 。（测试条件：使用标配或选配的专用充电器，系统保持关机状态充电。）\r\n    扬声器\r\n    2个\r\n    麦克风\r\n    2个\r\n    按键\r\n    指纹电源键\r\n    特色应用\r\n    华为电脑管家，显示管理（护眼模式），系统恢复出厂\r\n    触控板\r\n    支持\r\n    音频接口\r\n    3.5mm耳机、麦克风二合一接口 x 1, 可支持OMTP (国标) 、CTIA (美标)\r\n    USB-A接口\r\n    USB3.0接口 x 1;USB2.0 接口 x 2\r\n    电源接口\r\n    USB-C接口\r\n    软件名称\r\n    华为终端电脑性能检测管理软件V8.0\r\n    机身尺寸\r\n    357.8mm × 229.9mm × 16.9mm\r\n    备注：受产品配置和制造工艺影响，实际机身尺寸或有差异，请以实物为准\r\n    机身重量\r\n    约1.53Kg\r\n    备注：受产品配置和制造工艺影响，实际机身尺寸或有差异，请以实物为准<img class=\"gomeImgLoad\" src=\"https://res.vmallres.com/pimages/detailImg/2020/01/06/E12CB57F8E14B89B354E6F62B1FC13EDBDA159C9F0D23701.jpg\"><img class=\"gomeImgLoad\" src=\"https://res.vmallres.com/pimages/detailImg/2020/04/15/D03E55C12EF0A608403BA2BEAEB1157009696789896B3C7F.jpg\"><img class=\"gomeImgLoad\" src=\"https://res.vmallres.com/pimages/detailImg/2020/04/15/8BA4F6734D33C4DD1BBAF8D4FDAEE6A965592D6EC3F790A2.jpg\"><img  class=\"gomeImgLoad\" src=\"https://res.vmallres.com/pimages/detailImg/2020/04/15/630415EB6D764C44C036C0CDA4134439FCE686142ACF3E03.jpg\"><img class=\"gomeImgLoad\" src=\"https://res.vmallres.com/pimages/detailImg/2020/04/15/0CD5F3B8E90A99FBA173417CECD2DA0AD100DB04900F515B.jpg\">', '003');
INSERT INTO `detaileddescription` VALUES ('A004', '5999', '6834', 'MateBook 14 2020款 显卡升级上市 第十代英特尔处理器', '23432467867', '453', '主要参数\r\n\r\n    屏幕尺寸\r\n    14英寸\r\n    运行内存\r\n    16GB\r\n    传播名\r\n    HUAWEI MateBook 14\r\n    屏幕色彩\r\n    72%(NTSC, 典型值)/100% (sRGB, 典型值)\r\n    电池容量\r\n    56Wh(额定值)（7330mAh@7.64V）\r\n    存储容量\r\n    512GB\r\n    分辨率\r\n    2160x1440像素\r\n    CPU型号\r\n    第十代智能英特尔® 酷睿™ i5-10210U 处理器\r\n    CPU核数\r\n    4核\r\n    上市时间\r\n    2020年5月\r\n\r\n主体\r\n\r\n    品牌\r\n    华为\r\n    型号\r\n    KLVC-WFH9L\r\n    传播名\r\n    HUAWEI MateBook 14\r\n    操作系统\r\n    Windows10 64位 家庭版\r\n    CPU型号\r\n    第十代智能英特尔® 酷睿™ i5-10210U 处理器\r\n    CPU核数\r\n    4核\r\n    处理器频率\r\n    基频1.6GHz，最高频率4.2GHz\r\n    上市时间\r\n    2020年5月\r\n    显卡\r\n    独显 Nvidia MX350\r\n    键盘类型\r\n    孤岛式巧克力键盘, 全尺寸键盘\r\n    显存容量（独立显卡）\r\n    2GB\r\n    显存类型\r\n    GDDR5\r\n\r\n屏幕\r\n\r\n    屏幕尺寸\r\n    14英寸\r\n    屏幕色彩\r\n    72%(NTSC, 典型值)/100% (sRGB, 典型值)\r\n    屏幕类型\r\n    IPS屏, 镜面屏\r\n    屏幕比例\r\n    宽屏3:2\r\n    分辨率\r\n    2160x1440像素\r\n    触摸屏\r\n    支持（10点触控，防指纹)\r\n    亮度\r\n    300 nits (Typ)\r\n    护眼模式\r\n    支持（低蓝光）\r\n\r\n存储\r\n\r\n    运行内存\r\n    16GB\r\n    内存类型\r\n    LPDDR3 2133MHz\r\n    存储容量\r\n    512GB\r\n    硬盘类型\r\n    固态硬盘\r\n\r\n传感器\r\n\r\n    光线感应器\r\n    不涉及\r\n    重力感应器\r\n    不涉及\r\n    陀螺仪\r\n    不涉及\r\n    指纹传感器\r\n    支持\r\n    霍尔传感器\r\n    支持\r\n\r\n传输功能\r\n\r\n    WLAN 标准\r\n    IEEE 802.11a/b/g/n/ac\r\n    WLAN 工作频段\r\n    2.4GHz和5GHz\r\n    HDMI\r\n    1个\r\n    蓝牙\r\n    蓝牙5.0，兼容蓝牙4.2, 蓝牙4.1，蓝牙3.0，蓝牙2.1+EDR\r\n\r\n摄像功能\r\n\r\n    摄像头\r\n    隐藏式摄像头\r\n    摄像头像素\r\n    100万像素\r\n\r\n其他\r\n\r\n    电池容量\r\n    56Wh(额定值)（7330mAh@7.64V）\r\n    扬声器\r\n    扬声器 x 2\r\n    麦克风\r\n    麦克风 x 4\r\n    按键\r\n    电源开关键与按压式指纹二合一键\r\n    特色应用\r\n    华为PC管家/华为一键还原/Huawei 一碰传\r\n    在线升级\r\n    支持采用微软Windows Update升级方案进行在线升级； 支持HUAWEI MateBook管家驱动升级。\r\n    触控板\r\n    支持多点触控\r\n    键盘背光\r\n    支持\r\n    音频接口\r\n    3.5mm耳机、麦克风二合一接口 x 1， 可支持OMTP (国标) 、CTIA (美标)\r\n    USB-A接口\r\n    USB-A 3.0接口 x 1；USB-A 2.0 接口 x 1\r\n    USB-C接口\r\n    1个\r\n    电源接口\r\n    左侧USB-C接口\r\n    软件名称\r\n    华为终端电脑性能检测管理软件V8.0\r\n    机身尺寸\r\n    307.5mm × 223.8mm × 15.9mm\r\n    备注：受产品配置和制造工艺影响，实际机身尺寸或有差异，请以实物为准\r\n    机身重量\r\n    约1.53kg\r\n    备注：受产品配置和制造工艺影响，实际机身尺寸或有差异，请以实物为准<img class=\"gomeImgLoad\" src=\"https://res.vmallres.com/pimages/detailImg/2020/07/16/8881542FF59EF3567561D8419FA2901293F53FCB35603019.jpg\"><img  class=\"gomeImgLoad\" src=\"https://res.vmallres.com/pimages/detailImg/2020/06/23/7F68C31A434B7AD5ECE511A8B53A66089C7CB814AA0C13C5.jpg\" style=\"\"><img class=\"gomeImgLoad\" src=\"https://res.vmallres.com/pimages/detailImg/2020/06/23/55CB3F401B853517538BFE7E2C8E484938ED30F4D99CE91C.jpg\" style=\"\"><img  class=\"gomeImgLoad\" src=\"https://res.vmallres.com/pimages/detailImg/2020/06/23/4882AAEE4C8E2CF5475C7B71DA7974874A99698C38C50F0B.jpg\" style=\"\"><img class=\"gomeImgLoad\" src=\"https://res.vmallres.com/pimages/detailImg/2020/06/23/90EE38BC953F7733A4B4BDC5D32377A3B75E3856428CE317.jpg\" style=\"\"><img  class=\"gomeImgLoad\" src=\"https://res.vmallres.com/pimages/detailImg/2020/06/23/3E3023A85053E74542DBBBD22E3039EA44C696C5F3420AB7.jpg\" style=\"\">', '004');
INSERT INTO `detaileddescription` VALUES ('A005', '1888', '2000', 'HUAWEI MatePad 10.4英寸 沉浸音乐丨华为智能学习平板', '26575678788', '645', '主要参数\r\n\r\n    电池容量\r\n    7250 mAh (典型值)\r\n    传播名\r\n    HUAWEI MatePad\r\n    屏幕尺寸\r\n    10.4英寸\r\n    运行内存（RAM）\r\n    4GB\r\n    屏幕色彩\r\n    1670万色\r\n    存储容量（ROM）\r\n    64GB\r\n    前置摄像头\r\n    800万像素, 固定焦距\r\n    后置摄像头\r\n    800万像素, 自动对焦\r\n    分辨率\r\n    2000 x 1200\r\n    扩展支持\r\n    MicroSD（最高支持到 512GB）\r\n    CPU型号\r\n    华为海思麒麟810\r\n    CPU核数\r\n    八核\r\n\r\n主体\r\n\r\n    品牌\r\n    HUAWEI\r\n    型号\r\n    BAH3-W09\r\n    传播名\r\n    HUAWEI MatePad\r\n    操作系统\r\n    EMUI 10.1\r\n    CPU型号\r\n    华为海思麒麟810\r\n    CPU核数\r\n    八核\r\n    特色功能\r\n    专属教育中心，大广角前摄，影随人动，哈曼卡顿调音，多重护眼，华为分享，平行视界，儿童乐园等\r\n\r\n屏幕\r\n\r\n    屏幕尺寸\r\n    10.4英寸\r\n    屏幕色彩\r\n    1670万色\r\n    屏幕类型\r\n    IPS触摸屏\r\n    分辨率\r\n    2000 x 1200\r\n    可视角度\r\n    上85°/下85°/左85°/右85°\r\n    PPI\r\n    225 PPI\r\n    触摸屏\r\n    电容屏十点触控，防指纹涂层\r\n    输入法\r\n    百度输入法华为版\r\n\r\n存储\r\n\r\n    运行内存（RAM）\r\n    4GB\r\n    存储容量（ROM）\r\n    64GB\r\n    扩展支持\r\n    MicroSD（最高支持到 512GB）\r\n\r\n传感器\r\n\r\n    重力感应器\r\n    有\r\n    指南针\r\n    支持\r\n    NFC\r\n    不支持\r\n    状态指示灯\r\n    支持\r\n    环境光传感器\r\n    有\r\n    霍尔传感器\r\n    有\r\n    重力传感器\r\n    有\r\n\r\n传输功能\r\n\r\n    Wi-Fi标准\r\n    IEEE 802.11a/b/g/n/ac\r\n    Wi-Fi工作频段\r\n    2.4＆5GHz\r\n    蓝牙\r\n    蓝牙5.1\r\n\r\n摄像功能\r\n\r\n    前置摄像头\r\n    800万像素, 固定焦距\r\n    后置摄像头\r\n    800万像素, 自动对焦\r\n\r\n娱乐功能\r\n\r\n    音效\r\n    华为Histen音效，Harman Kardon调音\r\n\r\n其他\r\n\r\n    电池容量\r\n    7250 mAh (典型值)\r\n    耳机接口\r\n    立体声数字耳机接口\r\n    USB接口\r\n    USB Type-C数据和充电接口\r\n    软件名称\r\n    华为终端智能设备人机交互通信软件V10.0\r\n    产品存储温度\r\n    –20℃~+45℃\r\n    产品工作温度\r\n    0℃~35℃\r\n    视频播放时间\r\n    约12 小时\r\n    备注：上述数据为实验室数据，实际使用时间，视当地的实际网络情况和使用习惯而有所不同。\r\n    机身尺寸\r\n    245.2mm x 154.96mm x 7.35mm\r\n    备注：受产品配置和制造工艺影响，实际机身尺寸或有差异，请以实物为准\r\n    机身重量\r\n    约450g\r\n    备注：受产品配置和制造工艺影响，实际机身重量或有差异，请以实物为准<img  class=\"gomeImgLoad\" src=\"https://res.vmallres.com/pimages/detailImg/2020/07/16/8881542FF59EF3567561D8419FA2901293F53FCB35603019.jpg\"><img class=\"gomeImgLoad\" src=\"https://res.vmallres.com/pimages/detailImg/2020/04/28/8826C33A131367F28C788BA2692C03A350ADBAD01C1833FC.jpg\" style=\"\"><img  class=\"gomeImgLoad\" src=\"https://res.vmallres.com/pimages/detailImg/2020/04/28/10C7DBEA04950397BD5F49D489BA105D85FC00DF8896BE4B.jpg\" style=\"\"><img  class=\"gomeImgLoad\" src=\"https://res.vmallres.com/pimages/detailImg/2020/04/28/FACEAE17F293A43DADBDB72067158EB6A060C356F897B893.jpg\" style=\"\"><img   class=\"gomeImgLoad\" src=\"https://res.vmallres.com/pimages/detailImg/2020/04/28/36D7730A401B927BCAD83BC3AA6766A85065A4694753184B.jpg\" style=\"\"><img class=\"gomeImgLoad\" src=\"https://res.vmallres.com/pimages/detailImg/2020/04/28/C96C433BC841F8EF2822165A8E1C2BA72120997E4D718663.jpg\" style=\"\"><img  class=\"gomeImgLoad\" src=\"https://res.vmallres.com/pimages/detailImg/2020/04/28/BD6E4845D1D9C02A794CD25F78A05F740F99C96979FB9C1D.jpg\" style=\"\">', '005');
INSERT INTO `detaileddescription` VALUES ('A006', '2400', '2699', 'HUAWEI X GM眼镜新品 丰富立体声场 | 3D触控系统', '297864562', '453', '主体\r\n\r\n    品牌\r\n    华为\r\n\r\n规格\r\n\r\n    蓝牙\r\n    Bluetooth 5.0\r\n    蓝牙协议\r\n    A2DP 1.3；免提配置（HFP）1.6；AVRCP1.5\r\n    频率范围\r\n    20 Hz – 20,000 Hz\r\n    充电接口\r\n    通过眼镜盒对眼镜无线充电\r\n    功能\r\n    1.发送/接收响度、发送/接收底噪、发送/接受频响、发送/接受失真以及回声等通话指标参考窄带通话标准TIA-810B/宽带通话标准TIA-920；2. 降噪水平 SNR: White noise: > 20 dB Hoth noise: > 20 dB Traffic noise: > 20dB WNR: Wind noise: < 75 dB\r\n    电池容量\r\n    眼镜盒典型值2200mAh\r\n    理论待机时间\r\n    满电情况下连接蓝牙设备后进入待机状态， 佩戴状态下无业务可以续航可达20小时\r\n    理论充电时间\r\n    眼镜充满电时间：约2小时\r\n    音乐播放和通话时长\r\n    聆听音乐时长可达2.5小时，语音通话时长可达2.5小时\r\n    通话质量\r\n    1.发送/接收响度、发送/接收底噪、发送/接受频响、发送/接受失真以及回声等通话指标参考窄带通话标准TIA-810B/宽带通话标准TIA-920；2. 降噪水平 SNR: White noise: > 20 dB Hoth noise: > 20 dB Traffic noise: > 20dB WNR: Wind noise: < 75 dB\r\n    麦克风\r\n    主耳上两个硅麦，支持通话上行降噪\r\n    喇叭\r\n    左右各1个动圈单元(0615)\r\n    温度\r\n    工作温度：0℃～35 ℃；充电温度：0℃～35 ℃；存储温度：-20℃～45 ℃\r\n    防水等级\r\n    支持防尘抗水（IP67）\r\n    备注：本产品并非专业防水眼镜，在受控实验室条件下经测试，其效果在GB 4208（国内）/ IEC 60529（海外）标准下达到 IP67 级别。防溅、抗水、防尘功能并非永久有效，防护性能可能会因日常磨损而下降。请勿在潮湿状态下为眼镜充电；请参阅使用手册了解清洁和干燥说明。由于浸入液体而导致的损坏不在保修范围之内。 IP67的防水条件为（1）无流动清水，水深1.0米；（2）试验时间30分钟；（3）水温与产品温差不大于5摄氏度。\r\n\r\n属性\r\n\r\n    电池类型\r\n    锂离子聚合物锂电池\r\n    尺寸\r\n    152.21 * 48.16 * 29（实际尺寸由于配置、制造工艺、测量方法的不同可能有所差异）\r\n    重量\r\n    40.2g\r\n    软件名称\r\n    华为终端音频器控制软件V1.0\r\n\r\n认证\r\n\r\n    认证\r\n    产品通过SRRC、CE、蓝牙资格认证<img  class=\"gomeImgLoad\" src=\"https://res.vmallres.com/pimages/detailImg/2020/01/09/69112AFAD6BA79219E49606B9093A6E203C098727D41A3DF.jpg\"><img  class=\"gomeImgLoad\" src=\"https://res.vmallres.com/pimages/detailImg/2020/01/09/0D8887EB8EC171A885BF1570A7782035D6839F72B591960D.jpg\"><img class=\"gomeImgLoad\" src=\"https://res.vmallres.com/pimages/detailImg/2020/01/09/4890C78F2B81A7E9C7A58AEC9A7D246B384FE494A640933A.jpg\"><img class=\"gomeImgLoad\" src=\"https://res.vmallres.com/pimages/detailImg/2020/01/09/126A8DD71A1C6EE17093715EC4501EC1D8DCD8A07307B952.jpg\"><img class=\"gomeImgLoad\" src=\"https://res.vmallres.com/pimages/detailImg/2020/01/09/BAA85EB975B2337970AC708A29EC3D4D990F9D12D35B8E23.jpg\">', '006');
INSERT INTO `detaileddescription` VALUES ('A007', '1499', '2300', 'HUAWEI Sound X   帝瓦雷60W双低音炮', '25490789787', '498', '存储\r\n\r\n    运行内存（RAM）\r\n    512MB\r\n    机身内存（ROM）\r\n    8GB\r\n\r\n规格\r\n\r\n    频响范围\r\n    40Hz-40kHz\r\n    扬声器单元\r\n    2个3.5英寸低音喇叭，功率共60W，6个1.5英寸全频喇叭，功率共48W\r\n    音效\r\n    HUAWEI Sound音效，360度环绕，空间智慧感知\r\n\r\n传输功能\r\n\r\n    WLAN\r\n    802.11 a/b/g/n/ac 2*2 ，2.4GHz和5GHz\r\n    蓝牙\r\n    蓝牙5.0 \r\n\r\n其他\r\n\r\n    产品工作温度\r\n    0℃～40℃\r\n    产品存储温度\r\n    -20℃～+70℃\r\n    软件名称\r\n    华为终端智能语音设备人机交互通信软件V1.0\r\n    机身尺寸\r\n    165mmx 203mm\r\n    备注：受产品配置和制造工艺影响，实际机身尺寸或有差异，请以实物为准\r\n    机身重量\r\n    净重约3.5kg\r\n    备注：受产品配置和制造工艺影响，实际机身尺寸或有差异，请以实物为准<img class=\"gomeImgLoad\" src=\"https://res.vmallres.com/pimages/detailImg/2020/10/09/E9378ADDFBCC6CCF51C39850103DB1A76657C3CD3F9B5EB9.jpg\" title=\"undefined\"><img class=\"gomeImgLoad\" src=\"https://res.vmallres.com/pimages/detailImg/2020/07/21/485C59030133DB2A93E21CE97EB60B247CA6ECE354D6625E.jpg\" style=\"\"><img  class=\"gomeImgLoad\" src=\"https://res.vmallres.com/pimages/detailImg/2020/07/21/4A4C7908B4EEB5E40562C4D42A5C85ADE116B7B44751BF31.jpg\" style=\"\"><img class=\"gomeImgLoad\" src=\"https://res.vmallres.com/pimages/detailImg/2020/07/21/1E22AB34DC907996ADFAA4A85BCDEC7900917D95CFC7C9C5.jpg\" style=\"\"><img  class=\"gomeImgLoad\" src=\"https://res.vmallres.com/pimages/detailImg/2020/07/21/820D8F25900B84F0E6796CD368B779B1A9AFA37B3AC346AF.jpg\" style=\"\">', '007');
INSERT INTO `detaileddescription` VALUES ('A008', '320', '530', '华为路由AX3   凌霄双核Wi-Fi 6+', '265434586', '876', '主要参数\r\n\r\n    有线网络接口\r\n    提供4个10M/100/1000M自适应速率的以太网接口，支持WAN/LAN自适应（网口盲插）\r\n    无线局域网接口（WLAN）\r\n    双频并发，2976Mbps（2.4GHz：574Mbps，5GHz：2402Mbps）\r\n    传播名\r\n    华为路由AX3 Pro\r\n    设备类型\r\n    无线路由器、智能路由器、家用路由器\r\n\r\n主体\r\n\r\n    品牌\r\n    华为 HUAWEI\r\n    型号\r\n    WS7200\r\n    传播名\r\n    华为路由AX3 Pro\r\n    设备类型\r\n    无线路由器、智能路由器、家用路由器\r\n\r\n配置\r\n\r\n    CPU\r\n    凌霄四核1.4GHz CPU\r\n    RAM\r\n    256MB\r\n    ROM\r\n    128MB\r\n\r\n无线参数\r\n\r\n    传输标准\r\n    802.11ax/ac/n/a 2*2&802.11ax/n/b/g 2*2，MU-MIMO\r\n    无线频段\r\n    2.4GHz&5GHz，支持双频优选\r\n    天线增益\r\n    5dBi\r\n\r\n有线规格\r\n\r\n    网口传输协议\r\n    802.3、802.3u、802.3ab\r\n\r\n软件功能\r\n\r\n    手机App\r\n    支持华为智慧生活APP本地/远程管理\r\n    WiFi模式\r\n    支持穿墙、标准、睡眠三种模式\r\n    QoS特性\r\n    支持设备限速：通过 MAC地址限制设备的带宽\r\n    安全特性\r\n    支持TrustZone、智能设备保险箱、Wi-Fi接入授权、Wi-Fi防暴力破解，自动屏蔽破解者；支持新一代无线加密协议WPA3；支持防火墙、DMZ、DoS 攻击保护等\r\n    特色功能\r\n    华为分享 一碰连网、儿童/老人上网保护、手游加速、网课加速、双频优选、网口盲插、信道适时自动优化、华为HiLink智能家居、802.11v、IPv4/IPv6、PPPoE/DHCP/静态IP/MAC地址克隆/Bridge WAN上网方式、Wi-Fi中继、Wi-Fi定时开关、客人Wi-Fi、连网设备管理、MAC地址过滤、VPN透传、DMZ/虚拟服务器等功能\r\n\r\n硬件规格\r\n\r\n    有线网络接口\r\n    提供4个10M/100/1000M自适应速率的以太网接口，支持WAN/LAN自适应（网口盲插）\r\n    无线局域网接口（WLAN）\r\n    双频并发，2976Mbps（2.4GHz：574Mbps，5GHz：2402Mbps）\r\n    电源规格\r\n    12V DC，2 A\r\n    整机功耗\r\n    小于24 W\r\n    Hi按键\r\n    支持HiLink一键配对，兼容WPS\r\n    复位按键\r\n    独立Reset复位按键\r\n\r\n网络\r\n\r\n    天线类型\r\n    外置四根高性能天线\r\n\r\n属性\r\n\r\n    裸机尺寸\r\n    225 mm x 159.2mm x 39.7 mm\r\n    裸机重量\r\n    约403g\r\n    软件名称\r\n    华为终端家用路由器通信管理软件V6.0<img class=\"gomeImgLoad\" src=\"https://res.vmallres.com/pimages/detailImg/2020/07/08/5A9B208DA6CE185AB2B5031E700E7521B2F3B9EF3EA2B8C9.jpg\"><img class=\"gomeImgLoad\" src=\"https://res.vmallres.com/pimages/detailImg/2020/04/10/71D969C9D8C46AD478FFB0E0257400000583EC75BA5C4B60.jpg\"><img  class=\"gomeImgLoad\" src=\"https://res.vmallres.com/pimages/detailImg/2020/04/10/56BAED67F6EA3F6088024D18FCEA8E516D1C1918064BDC5E.jpg\"><img class=\"gomeImgLoad\" src=\"https://res.vmallres.com/pimages/detailImg/2020/04/10/006933F7E92BAE6F3CD5BFB00FEED66AA752A135FAABF870.jpg\"><img class=\"gomeImgLoad\" src=\"https://res.vmallres.com/pimages/detailImg/2020/04/10/011B6CA91D4A731656F03A11DEDCD01C7E4DD477AD7BF16A.jpg\"><img class=\"gomeImgLoad\" src=\"https://res.vmallres.com/pimages/detailImg/2020/04/10/EA6996E5AF5D1A60F5790286101BC8C0FDA2E7E54F945F59.jpg\"><img class=\"gomeImgLoad\" src=\"https://res.vmallres.com/pimages/detailImg/2020/04/10/A48797CB8A4A8016651AC978D865563126139938081FA3B5.jpg\">', '008');
INSERT INTO `detaileddescription` VALUES ('A009', '8800', '7888', 'HUAWEI Mate 30 Pro 5G 双4000万徕卡电影四摄', '43464564554', '4790', '主要参数\r\n\r\n    传播名\r\n    HUAWEI Mate 30 Pro 5G\r\n    后置摄像头\r\n    后置超感光徕卡电影四摄：4000万像素电影摄像头（超广角，f/1.8光圈）+4000万像素超感光摄像头(广角，f/1.6光圈，支持OIS)+800万像素长焦摄像头（f/2.4光圈，支持OIS）+3D深感摄像头，支持自动对焦\r\n    备注：不同拍照模式的照片像素可能有差异，请以实际为准。\r\n    电池容量\r\n    4500mAh（典型值）\r\n    备注：电池额定容量为4400mAh\r\n    前置摄像头\r\n    3200万像素（f/2.0光圈，支持固定焦距）+3D深感摄像头，\r\n    备注：不同拍照模式的照片像素可能有差异，请以实际为准。\r\n    屏幕尺寸\r\n    6.53英寸。\r\n    备注：显示屏采用圆角设计，按照标准矩形测量时，屏幕的对角线长度是6.53英寸（实际可视区域略小）\r\n    上市时间\r\n    2019年11月\r\n    屏幕色彩\r\n    1670万色，DCI-P3广色域\r\n    运行内存（RAM）\r\n    8GB\r\n    备注：可使用的内存容量小于此值，因为手机软件占用部分空间\r\n    机身内存（ROM）\r\n    128GB\r\n    备注：可使用的内存容量小于此值，因为手机软件占用部分空间\r\n    最大支持扩展\r\n    256GB NM存储卡（非标配，需另行购买）\r\n    分辨率\r\n    FHD+ 2400×1176 像素\r\n    备注：该分辨率对应标准矩形，实际屏幕有效像素略少。\r\n    CPU型号\r\n    HUAWEI Kirin 990 5G(麒麟990 5G)\r\n    CPU核数\r\n    八核\r\n    双卡\r\n    双卡双待\r\n\r\n主体\r\n\r\n    品牌\r\n    华为 HUAWEI\r\n    型号\r\n    LIO-AN00\r\n    传播名\r\n    HUAWEI Mate 30 Pro 5G\r\n    上市时间\r\n    2019年11月\r\n    外观设计\r\n    直板\r\n    智能手机\r\n    是\r\n    操作系统\r\n    EMUI 10.0（基于Android 10）\r\n    用户界面\r\n    EMUI 10.0\r\n    CPU型号\r\n    HUAWEI Kirin 990 5G(麒麟990 5G)\r\n    CPU核数\r\n    八核\r\n    CPU主频\r\n    2*Cortex-A76 Based 2.86GHz + 2*Cortex-A76 Based 2.36GHz + 4*Cortex-A55 1.95GHz\r\n    GPU\r\n    Mali G76\r\n    NPU\r\n    双大核NPU+微核NPU(神经网络处理单元)\r\n    双卡\r\n    双卡双待\r\n    输入方式\r\n    百度输入法华为版\r\n    特色功能\r\n    隔空操控、屏幕随心、侧屏触控、多屏协同、畅连通话、多彩灭屏显示、人脸解锁, 智慧视频, 智能截屏, 语音控制, 情景智能, 名片扫描, Huawei Share, 支付保护中心, 天际通, 运动健康, 单手操作, 皮套模式, 杂志锁屏, 玩机技巧, 应用锁, 应用分身, 隐私空间, 密码保险箱, 三重备份与恢复（云空间, 外部存储, 华为手机助手）, 手机克隆\r\n    系统导航方式\r\n    手势导航、屏幕内三键导航、悬浮导航\r\n\r\n网络\r\n\r\n    网络制式\r\n    支持联通/电信5G/4G+/4G/3G/2G，移动 5G/4G+/4G/2G\r\n    备注： *卡槽1, 2可以任意切换为默认移动数据卡。 *如果两张都是电信卡，副卡（非默认移动数据卡）必须开通电信VoLTE业务，才能同时使用电信双卡。 *5G/4G网络使用，需要根据运营商网络和相关业务部署情况确定是否支持。\r\n    5G网络制式\r\n    移动5G（NR）/联通5G（NR）/电信5G（NR)\r\n    4G网络制式\r\n    主卡：移动4G（TD-LTE）/联通4G（TD-LTE/LTE FDD）/电信 4G（TD-LTE/LTE FDD）；副卡：移动4G（TD-LTE）/联通4G（TD-LTE/LTE FDD）/电信 4G（TD-LTE/LTE FDD）\r\n    3G网络制式\r\n    主卡：联通3G（WCDMA）/电信3G（CDMA 2000）；副卡：联通3G（WCDMA）\r\n    2G网络制式\r\n    主卡：移动2G（GSM）/联通2G（GSM）/电信2G（CDMA 1X）；副卡：移动2G（GSM）/联通2G（GSM）/电信2G（CDMA 1X）\r\n    备注：*电信双卡时，副卡（非默认移动数据卡）不支持电信2G\r\n    网络频率\r\n    主卡：5G NR：n77/n78/n79，n1/n3/n28（TX:703-733MHz,RX:758-788MHz）/n41（2515-2690MHz）FDD-LTE：B1/B2/B3/B4/B5/B6/B7/B8/B9/B12/B17/B18/B19/B20/B26/B28TD-LTE：B34/B38/B39/B40/B41UMTS（WCDMA）/HSPA+/DC-HSDPA：B1/B2/B4/B5/B6/B8/B19CDMA（主副卡二选一）：BC0（ 800MHz）；（仅限中国电信（中国大陆+澳门））GSM： B2/B3/B5/B8（850/900/1800/1900 MHz）备注：各个地区的网络和频段可能有所不同，具体取决于当地运营商以及您所在的位置。如果同时插入两张电信卡，只有一张电信卡可以使用2G/3G/4G/5G，另一张电信卡只能使用4G LTE。副卡：FDD-LTE: B1/B2/B3/B4/B5/B6/B7/B8/B9/B12/B17/B18/B19/B20/B26/B28TD-LTE：B34/B38/B39/B40/B41WCDMA：B1/B2/B4/B5/B6/B8/B19CDMA：BC0（仅限中国电信（中国大陆+澳门））GSM：B2/B3/B5/B8 。备注：各个地区的网络和频段可能有所不同，具体取决于当地运营商以及您所在的位置。\r\n    数据业务\r\n    5G NR/TD-LTE/FDD-LTE/WCDMA/HSPA+/DC-HSDPA/EVDO/CDMA1X/EDGE/GPRS，支持VoLTE/ViLTE\r\n    备注：*各个地区的网络和频段可能有所不同，具体取决于当地运营商以及您所在的位置。*CDMA仅限中国电信（中国大陆+澳门）。*VoLTE/ViLTE依赖运营商网络支持并开通相关业务。\r\n    浏览器\r\n    支持（华为EMUI 浏览器）\r\n    副卡是否可以上网\r\n    支持。\r\n    备注：*支持盲插，数据账户与5G账户设置绑定；*用户需打开“智能切换上网卡”的开关，主卡不能上网时自动切换到副卡上网；*副卡VOLTE通话，依赖运营商网络是否开通相关业务；*使用中国移动或者中国联通作为默认移动数据主卡，主卡支持5G网络，若副卡是中国移动卡，则支持2G/4G网络；若副卡是中国联通或者中国电信卡，则支持2G/3G/4G网络；*使用中国电信作为默认移动数据主卡，主卡支持5G网络，若副卡是中国电信卡，则支持4G网络，若副卡是中国移动卡，则支持2G/4G网络；若副卡是中国联通卡，则支持2G/3G/4G网络；\r\n\r\n屏幕\r\n\r\n    屏幕尺寸\r\n    6.53英寸。\r\n    备注：显示屏采用圆角设计，按照标准矩形测量时，屏幕的对角线长度是6.53英寸（实际可视区域略小）\r\n    屏幕色彩\r\n    1670万色，DCI-P3广色域\r\n    屏幕类型\r\n    OLED\r\n    分辨率\r\n    FHD+ 2400×1176 像素\r\n    备注：该分辨率对应标准矩形，实际屏幕有效像素略少。\r\n    触摸屏\r\n    多点触控触摸屏，最多支持10点触控\r\n\r\n传感器\r\n\r\n    3D人脸识别\r\n    支持\r\n    环境光传感器\r\n    支持\r\n    红外传感器\r\n    支持\r\n    指纹传感器\r\n    屏内指纹\r\n    霍尔传感器\r\n    支持\r\n    陀螺仪\r\n    支持\r\n    指南针\r\n    支持\r\n    NFC\r\n    支持读卡器模式、点对点模式、卡模拟模式（华为钱包支付，SIM卡支付*，HCE支付） * SIM卡支付所使用的SIM卡只能放在SIM1卡槽。\r\n    气压计\r\n    支持\r\n    接近光传感器\r\n    支持\r\n    重力传感器\r\n    支持\r\n    其他传感器\r\n    姿态感应器、色温传感器\r\n\r\n存储\r\n\r\n    运行内存（RAM）\r\n    8GB\r\n    备注：可使用的内存容量小于此值，因为手机软件占用部分空间\r\n    机身内存（ROM）\r\n    128GB\r\n    备注：可使用的内存容量小于此值，因为手机软件占用部分空间\r\n    存储卡类型\r\n    NM存储卡\r\n    最大支持扩展\r\n    256GB NM存储卡（非标配，需另行购买）\r\n\r\n娱乐功能\r\n\r\n    音效\r\n    华为Histen\r\n\r\n拍摄功能\r\n\r\n    后置摄像头\r\n    后置超感光徕卡电影四摄：4000万像素电影摄像头（超广角，f/1.8光圈）+4000万像素超感光摄像头(广角，f/1.6光圈，支持OIS)+800万像素长焦摄像头（f/2.4光圈，支持OIS）+3D深感摄像头，支持自动对焦\r\n    备注：不同拍照模式的照片像素可能有差异，请以实际为准。\r\n    前置摄像头\r\n    3200万像素（f/2.0光圈，支持固定焦距）+3D深感摄像头，\r\n    备注：不同拍照模式的照片像素可能有差异，请以实际为准。\r\n    传感器类型\r\n    BSI CMOS\r\n    闪光灯\r\n    后置双LED闪光灯\r\n    视频拍摄\r\n    后置摄像头：最大支持4K（3840 × 2160）视频录制，支持AIS防抖；支持720p@7680fps，720p@1920fps，1080p@960fps超级慢动作视频视频录制\r\n    备注：720p@7680fps基于AI插帧算法技术实现）；最大支持FHD+（2288 × 1080\r\n    防抖模式\r\n    OIS/AIS\r\n    变焦模式\r\n    后置摄像头：3倍光学变焦（3倍变焦为近似值，镜头焦段分别为18mm，27mm，80mm）、5倍混合变焦（三个摄像头通过不同组合实现各种环境下出色的5倍变焦效果）、30倍数字变焦；前置摄像头：不支持\r\n    照片分辨率\r\n    后置摄像头：最大可支持 7296 × 5472像素； 前置摄像头：最大可支持 6528 × 4896像素\r\n    备注：不同拍照模式的照片像素可能有差异，请以实际为准。\r\n    摄像分辨率\r\n    后置摄像头：最大可支持 3840 × 2160像素； 前置摄像头：最大可支持 2288 × 1080像素\r\n    备注：不同拍摄模式的视频像素可能有差异，请以实际为准。\r\n    拍摄功能\r\n    后置摄像头：超高速摄影、超高清夜摄、延时摄影、超大广角、大光圈虚化、双景录像、超级夜景、人像模式、专业模式、慢动作、全景模式、黑白艺术、流光快门、HDR、智能滤镜、水印、文档矫正、AI摄影大师、动态照片、4D预测追焦、笑脸抓拍、声控拍照、定时拍照、连拍；前置摄像头：人像模式、全景模式、趣AR、延时摄影、动态照片、智能滤镜、水印、笑脸抓拍、自拍镜像、声控拍照、定时拍照\r\n\r\n传输功能\r\n\r\n    WLAN\r\n    支持\r\n    WLAN直连\r\n    支持\r\n    WLAN 协议\r\n    802.11 a/b/g/n/ac (wave2)，MIMO,VHT160\r\n    WLAN 频率\r\n    2.4GHz和5GHz\r\n    WLAN热点\r\n    支持\r\n    蓝牙\r\n    Bluetooth 5.1，支持低功耗蓝牙，支持SBC、AAC，支持LDAC高清音频\r\n    蓝牙文件传输\r\n    支持\r\n    PC数据同步\r\n    支持\r\n    OTG\r\n    支持（反向供电时最大输出电流1A/5V）\r\n    红外遥控\r\n    支持\r\n    USB\r\n    Type-C，USB 3.1 GEN1，支持DP1.2\r\n    备注：*USB 3.1 GEN1功能需搭配支持USB 3.1 GEN1的数据线（非标配，需另行购买）使用。*标配数据线支持USB 2.0。\r\n    定位\r\n    支持 GPS（L1+L5双频）/AGPS/Glonass/北斗/ 伽利略（E1+E5a双频）/QZSS（L1+L5双频）\r\n    手机投屏\r\n    支持\r\n    导航软件\r\n    支持第三方地图导航\r\n\r\n通话和信息功能\r\n\r\n    语音\r\n    支持屏幕发声\r\n    视频通话\r\n    支持（华为畅连，运营商和第三方软件）\r\n\r\n个人助理\r\n\r\n    Office\r\n    支持（内置WPS Office，支持OFFICE文档查看和编辑，支持pdf文档查看，支持zip解压等）\r\n    浏览器\r\n    支持\r\n    电子邮件\r\n    支持（POP3/IMAP/Exchange）\r\n    计算器\r\n    支持\r\n    闹钟\r\n    支持（支持关机闹钟）\r\n    录音\r\n    支持，并支持通话录音\r\n    人脸解锁\r\n    支持3D人脸解锁\r\n    无线充电\r\n    支持27W华为无线超级快充，支持无线反向充电\r\n    备注：需单独购买华为超级快充无线充电器或华为超级快充无线车充。\r\n\r\n防护级别\r\n\r\n    防尘防水\r\n    支持防尘抗水（IP68）说明：本手机并非专业防水手机，在正常使用状态下可防溅、抗水、防尘，在受控实验室条件下经测试，其效果在GB/T 4208-2017（国内）/ IEC 60529（海外）标准下达到 IP68 级别。防溅、抗水、防尘功能并非永久有效，防护性能可能会因日常磨损而下降。请勿在潮湿状态下为手机充电；请参阅使用手册了解清洁和干燥说明。由于浸入液体而导致的损坏不在保修范围之内。\r\n    备注： * IP68中防水条件为（1）无流动清水，水深1.5米；（2）试验时间30分钟；（3）水温与产品温差不大于5摄氏度。\r\n\r\n其他\r\n\r\n    电池类型\r\n    锂离子聚合物电池\r\n    电池容量\r\n    4500mAh（典型值）\r\n    备注：电池额定容量为4400mAh\r\n    电池更换\r\n    电池内置不可拆卸\r\n    充电器\r\n    标配充电器支持10V/4A或9V/2A或5V/2A输出\r\n    理论充电时间\r\n    约1.13小时。\r\n    备注：上述数据为使用标配充电器灭屏充电的实验室数据，实际充电时间，视使用情况而有所不同\r\n    理论待机时间\r\n    最长可达13.4天。\r\n    备注：上述数据为实验室数据，实际待机时间，视当地的实际网络情况和使用习惯而有所不同。\r\n    理论通话时间\r\n    理论3G通话时间：最长可达25.9小时。\r\n    备注：上述数据为实验室数据，实际通话时间，视当地的实际网络情况和使用习惯而有所不同\r\n    快充\r\n    手机支持最大10V/4A超级快充，兼容4.5V/5A或5V/4.5A超级快充，兼容9V/2A快充。手机同时支持27W华为无线超级快充，支持无线反向充电。\r\n    备注：需单独购买华为超级快充无线充电器或华为超级快充无线车充。\r\n    数据线接口\r\n    Type-C，USB 3.1 GEN1，支持DP1.2\r\n    备注：*USB 3.1 GEN1功能需搭配支持USB 3.1 GEN1的数据线（非标配，需另行购买）使用。*标配数据线支持USB 2.0。\r\n    耳机接口\r\n    Type-C\r\n    备注：支持Type-C模拟和数字耳机。\r\n    SIM卡类型\r\n    卡槽1：nano SIM卡 ；卡槽2：nano SIM卡或超微型存储卡（NM存储卡）\r\n    备注： 请将超微型存储卡（NM存储卡）插入卡槽 2 使用。如果需要，您可以在华为商城和华为授权经销商处购买。\r\n    抗指纹\r\n    支持防指纹膜（疏油层）\r\n    软件名称\r\n    华为终端智能设备人机交互通信软件V9.0\r\n    产品工作温度\r\n    0℃～35℃\r\n    产品存储温度\r\n    –20℃～45℃\r\n    整机充放电温度\r\n    放电：-20℃-60℃，充电：0℃-50℃ 电池单体规格书中充电温度范围为0℃-60℃\r\n    机身尺寸\r\n    玻璃版：158.1mm（长）×73.1mm（宽）×8.8mm（厚）；素皮版：158.1mm（长）×73.1mm（宽）×9.5mm（厚）\r\n    备注：实际尺寸依配置、制造工艺、测量方法的不同可能有所差异。\r\n    机身重量<img  class=\"gomeImgLoad\"  src=\"https://res.vmallres.com/pimages/detailImg/2020/04/01/2CF20E83520DE9E25DB6C43DE6C1B9C4804E3F344876AE9D.jpg\">\r\n    约198克（含电池）\r\n    备注：实际重量依配置、制造工艺、测量方法的不同可能有所差异。<img  class=\"gomeImgLoad\"  src=\"https://res.vmallres.com/pimages/detailImg/2020/04/01/2CF20E83520DE9E25DB6C43DE6C1B9C4804E3F344876AE9D.jpg\"><img class=\"gomeImgLoad\" src=\"https://res.vmallres.com/pimages/detailImg/2020/04/01/1FB7789C25FE22907D5B541ED7E5A53421A6F86ADE7257B4.jpg\"><img class=\"gomeImgLoad\" src=\"https://res.vmallres.com/pimages/detailImg/2020/04/01/E4D90FBBA401F361DDA78C04E809CF9F89D462FCA8E5DE6C.jpg\"><img  class=\"gomeImgLoad\" src=\"https://res.vmallres.com/pimages/detailImg/2020/04/01/0F163655965C91AE4BF692CC3BC9106C479DC4DCFF3FC99A.jpg\"><img class=\"gomeImgLoad\" src=\"https://res.vmallres.com/pimages/detailImg/2020/04/01/8C38E7A7409419B55073B0B7F07996247EE6C13F6D4D7C12.jpg\"><img class=\"gomeImgLoad\" src=\"https://res.vmallres.com/pimages/detailImg/2020/04/01/2DC6735F7833BAF19FED05059C33BD34D2A8A6B2964EE518.jpg\"><img  class=\"gomeImgLoad\" src=\"https://res.vmallres.com/pimages/detailImg/2020/04/01/8F1AAB30D0364650EE1F54C80825DAA693AA35A3D598383B.jpg\">', '009');
INSERT INTO `detaileddescription` VALUES ('A010', '15000', '16666', 'HUAWEI Mate Xs 鹰翼式折叠设计', '2765674563', '6546', '主要参数\r\n\r\n    传播名\r\n    HUAWEI Mate Xs\r\n    后置摄像头\r\n    后置徕卡四摄： 4000万像素超感光摄像头（广角，f/1.8光圈）+1600万像素超广角摄像头（f/2.2光圈）+800万像素长焦摄像头（f/2.4光圈，OIS）+ 华为 Time-of-Flight(ToF)摄像头，支持自动对焦（相位对焦/反差对焦），支持AIS防抖。\r\n    备注：不同拍照模式的照片像素可能有差异，请以实际为准。\r\n    电池容量\r\n    4500mAh（典型值） 备注：容量为2250mAh（典型值）*2；4400mAh（额定值） 备注：容量为2200mAh（额定值）*2\r\n    前置摄像头\r\n    前置（手机折叠后将后置摄像头当前置使用）:4000万像素超感光摄像头（广角，f/1.8光圈）+1600万像素超广角摄像头（f/2.2光圈）+800万像素长焦摄像头（f/2.4光圈，OIS）+ 华为 Time-of-Flight(ToF)摄像头，支持自动对焦（相位对焦/反差对焦），支持AIS防抖\r\n    备注：不同拍照模式的照片像素可能有差异，请以实际为准。\r\n    屏幕尺寸\r\n    展开态:8英寸；折叠态:主屏:6.6英寸；副屏:6.38英寸备注:显示屏采用圆角设计，按照标准矩形测量时，屏幕的对角线长度值（实际可视区域较小）。\r\n    备注：显示屏采用圆角设计，按照标准矩形测量时，屏幕的对角线长度值（实际可视区域较小）。\r\n    上市时间\r\n    2020年3月\r\n    屏幕色彩\r\n    1670万色，色域（DCI-P3）：103%（典型值）\r\n    运行内存（RAM）\r\n    8GB\r\n    备注：可使用的内存容量小于此值，因为手机软件占用的空间。\r\n    机身内存（ROM）\r\n    512GB\r\n    备注：可使用的内存容量小于此值，因为手机软件占用的空间。\r\n    最大支持扩展\r\n    256GB NM存储卡（非标配，需另行购买）\r\n    分辨率\r\n    展开态:2480*2200；折叠态:主屏:2480*1148；副屏:2480*892\r\n    备注：该分辨率对应标准矩形，实际屏幕有效像素略少\r\n    CPU型号\r\n    HUAWEI Kirin 990 5G(麒麟990 5G)\r\n    CPU核数\r\n    八核\r\n\r\n主体\r\n\r\n    品牌\r\n    华为 HUAWEI\r\n    型号\r\n    TAH-AN00m\r\n    传播名\r\n    HUAWEI Mate Xs\r\n    颜色\r\n    星际蓝\r\n    上市时间\r\n    2020年3月\r\n    操作系统\r\n    华为EMUI10.0.1(基于Android 10)\r\n    CPU型号\r\n    HUAWEI Kirin 990 5G(麒麟990 5G)\r\n    CPU核数\r\n    八核\r\n    CPU主频\r\n    2*Cortex-A76 Based 2.86GHz + 2*Cortex-A76 Based 2.36GHz + 4*Cortex-A55 1.95GHz\r\n    GPU\r\n    Mali G76\r\n    按键类型\r\n    手势导航/屏幕内三键导航/悬浮导航\r\n\r\n网络\r\n\r\n    网络制式\r\n    支持移动/联通/电信5G/4G+/4G/3G/2G\r\n    备注：*卡槽1、2可以任意切换为默认移动数据卡,*如果两张都是电信卡，只有主卡的电信卡可以使用；2G/3G/4G/5G，另一张电信卡只能使用4G LTE，且必须开通电信VoLTE业务，才能同时使用电信双卡,*5G/4G网络使用，需要根据运营商网络和相关业务部署情况确定是否支持,*卡1、2不能同时支持5G业务。\r\n    5G网络制式\r\n    主卡：移动5G（NR）/联通5G（NR）/电信 5G（NR ）；副卡：不支持\r\n    备注：*主卡指双卡管理中开通默认移动数据的卡\r\n    4G网络制式\r\n    主卡：移动4G（TD-LTE/LTE FDD）/联通4G（TD-LTE/LTE FDD）/电信 4G（TD-LTE/LTE FDD）；副卡：移动4G（TD-LTE/LTE FDD）/联通4G（TD-LTE/LTE FDD）/电信 4G（TD-LTE/LTE FDD）\r\n    3G网络制式\r\n    主卡：联通3G（WCDMA）/电信3G（CDMA 2000）；副卡：联通3G（WCDMA）\r\n    2G网络制式\r\n    主卡：移动2G（GSM）/联通2G（GSM）/电信2G（CDMA 1X）；副卡：移动2G（GSM）/联通2G（GSM）/电信2G（CDMA 1X）\r\n    备注：*电信双卡时，副卡（非默认移动数据卡）不支持电信2G\r\n    SD卡热插拔\r\n    支持外置存储卡热插拔\r\n    移动VoLTE\r\n    支持\r\n    备注：该功能因不同国家或地区运营商的支持情况而异，详情请咨询网络运营商。\r\n    电信VoLTE\r\n    支持\r\n    备注：该功能因不同国家或地区运营商的支持情况而异，详情请咨询网络运营商。\r\n    联通VoLTE\r\n    支持\r\n    备注：该功能因不同国家或地区运营商的支持情况而异，详情请咨询网络运营商。\r\n    移动ViLTE\r\n    支持\r\n    备注：该功能因不同国家或地区运营商的支持情况而异，详情请咨询网络运营商。\r\n    电信ViLTE\r\n    支持\r\n    备注：该功能因不同国家或地区运营商的支持情况而异，详情请咨询网络运营商。\r\n    联通ViLTE\r\n    支持\r\n    备注：该功能因不同国家或地区运营商的支持情况而异，详情请咨询网络运营商。\r\n\r\n屏幕\r\n\r\n    屏幕尺寸\r\n    展开态:8英寸；折叠态:主屏:6.6英寸；副屏:6.38英寸备注:显示屏采用圆角设计，按照标准矩形测量时，屏幕的对角线长度值（实际可视区域较小）。\r\n    备注：显示屏采用圆角设计，按照标准矩形测量时，屏幕的对角线长度值（实际可视区域较小）。\r\n    屏幕色彩\r\n    1670万色，色域（DCI-P3）：103%（典型值）\r\n    屏幕类型\r\n    OLED\r\n    屏幕贴合技术\r\n    全贴合\r\n    分辨率\r\n    展开态:2480*2200；折叠态:主屏:2480*1148；副屏:2480*892\r\n    备注：该分辨率对应标准矩形，实际屏幕有效像素略少\r\n    触摸屏\r\n    多点触控触摸屏，支持10点触控\r\n    屏幕像素密度PPI\r\n    413 PPI\r\n    屏占比\r\n    展开态:87.7%；折叠态:主屏:85.3%；副屏:66%\r\n    备注：依开/合状态,显示区域大小除以不同状态外观尺寸投影比例\r\n\r\n传感器\r\n\r\n    环境光传感器\r\n    支持\r\n    红外传感器\r\n    支持\r\n    陀螺仪\r\n    支持\r\n    指南针\r\n    支持\r\n    接近光传感器\r\n    支持\r\n    重力传感器\r\n    支持\r\n    其他传感器\r\n    指纹传感器、霍尔传感器、红外传感器、气压计、色温传感器\r\n\r\n存储\r\n\r\n    运行内存（RAM）\r\n    8GB\r\n    备注：可使用的内存容量小于此值，因为手机软件占用的空间。\r\n    机身内存（ROM）\r\n    512GB\r\n    备注：可使用的内存容量小于此值，因为手机软件占用的空间。\r\n    存储卡类型\r\n    超微型存储卡（NM存储卡）\r\n    最大支持扩展\r\n    256GB NM存储卡（非标配，需另行购买）\r\n\r\n拍摄功能\r\n\r\n    后置摄像头\r\n    后置徕卡四摄： 4000万像素超感光摄像头（广角，f/1.8光圈）+1600万像素超广角摄像头（f/2.2光圈）+800万像素长焦摄像头（f/2.4光圈，OIS）+ 华为 Time-of-Flight(ToF)摄像头，支持自动对焦（相位对焦/反差对焦），支持AIS防抖。\r\n    备注：不同拍照模式的照片像素可能有差异，请以实际为准。\r\n    前置摄像头\r\n    前置（手机折叠后将后置摄像头当前置使用）:4000万像素超感光摄像头（广角，f/1.8光圈）+1600万像素超广角摄像头（f/2.2光圈）+800万像素长焦摄像头（f/2.4光圈，OIS）+ 华为 Time-of-Flight(ToF)摄像头，支持自动对焦（相位对焦/反差对焦），支持AIS防抖\r\n    备注：不同拍照模式的照片像素可能有差异，请以实际为准。\r\n    闪光灯\r\n    后置:单LED闪光灯；前置:闪光灯作为补光灯使用\r\n    照片分辨率\r\n    后置摄像头：最大可支持7296×5472像素；前置摄像头：最大可支持7296×5472像素\r\n    备注：不同拍照模式的照片像素可能有差异，请以实际为准。\r\n    摄像分辨率\r\n    后置摄像头：最大可支持3840×2160像素；前置摄像头：最大可支持3840×2160像素\r\n    备注：不同拍摄模式的视频像素可能有差异，请以实际为准。\r\n    拍摄功能\r\n    后置摄像头：超大广角、超级微距、大光圈虚化、超级夜景、超级人像、人像模式、专业模式、慢动作、全景模式、黑白艺术、流光快门、HDR、延时摄影、智能滤镜、水印、文档矫正、AI摄影大师、4D预测追焦、动态照片、熄屏快拍、笑脸抓拍、声控拍照、定时拍照、连拍、动态帧率、协同照相(折叠后主屏)；前置摄像头：超大广角，大光圈虚化、人像模式、录像模式、慢动作、黑白艺术、流光快门、HDR、延时摄影、动态照片、智能滤镜、水印、AI摄影大师、自拍镜像、熄屏快拍、笑脸抓拍、声控拍照、定时拍照\r\n\r\n传输功能\r\n\r\n    WLAN\r\n    支持，802.11 a/b/g/n/ac，2.4G和5G\r\n    蓝牙\r\n    Bluetooth 5.0，支持低功耗蓝牙，支持SBC、AAC，支持LDAC\r\n    蓝牙文件传输\r\n    支持\r\n    PC数据同步\r\n    支持\r\n    OTG\r\n    支持\r\n    红外遥控\r\n    支持\r\n    天际通\r\n    支持\r\n    USB\r\n    Type-C，USB 3.1 GEN1，支持DP1.2\r\n    备注：*USB 3.1 GEN1功能需搭配支持USB 3.1 GEN1的数据线（非标配，需另行购买）使用。*标配数据线支持USB 2.0。\r\n    定位\r\n    支持 GPS（L1+L5）双频/AGPS/Glonass/北斗/Galileo（E1+E5a）双频/QZSS（L1+L5）双频\r\n    手机投屏\r\n    支持\r\n    Glonass\r\n    支持\r\n    北斗\r\n    支持\r\n    AGPS\r\n    支持\r\n    导航软件\r\n    有（预置高德地图，可卸载），支持第三方地图导航\r\n    NFC\r\n    支持读卡器模式、点对点模式、卡模拟模式（华为钱包支付，SIM卡支付*，HCE支付）；*SIM卡支付所使用的SIM卡只能放在SIM1卡槽\r\n\r\n其他\r\n\r\n    电池类型\r\n    锂离子聚合物电池\r\n    电池容量\r\n    4500mAh（典型值） 备注：容量为2250mAh（典型值）*2；4400mAh（额定值） 备注：容量为2200mAh（额定值）*2\r\n    电池更换\r\n    不支持（内置不可拆卸）\r\n    充电器\r\n    标配充电器支持20V/3.25A或20V/2A或15V/2.66A或者12V/3A或9V/2A或5V/2A输出\r\n    快充\r\n    手机支持最大20V/2.75A超级快充，兼容10V/4A超级快充，兼容5V/2A充电。\r\n    耳机接口\r\n    Type-C\r\n    备注：支持Type-C数字和模拟耳机。\r\n    SIM卡类型\r\n    卡槽1：nano卡；卡槽2：nano卡或超微型存储卡（NM存储卡）\r\n    备注：请将超微型存储卡（NM存储卡）插入卡槽&nbsp;2&nbsp;使用。如果需要，您可以在华为商城和华为授权经销商处购买。\r\n    立体声扬声器\r\n    支持(扬声器*1+听筒*1，隐身立体声)\r\n    软件名称\r\n    华为终端智能设备人机交互通信软件V9.0\r\n    机身尺寸\r\n    展平态：161.3mm（长）×146.2mm（宽）×11mm（凸台处厚度） 161.3mm（长）×146.2mm（宽）×5.4mm（非凸台处厚度）折叠态：161.3mm（长）×78.5mm（宽）×11mm（凸台处厚度）\r\n    备注：实际尺寸依配置、制造工艺、测量方法的不同可能有所差异。\r\n    机身重量\r\n    约300克（含电池）\r\n    备注：实际重量依配置、制造工艺、测量方法的不同可能有所差异。<img class=\"gomeImgLoad\" src=\"https://res.vmallres.com/pimages/detailImg/2020/02/25/B693AE20626396160D235C5DB81B25E4B815434EDCE2468B.jpg\"><img class=\"gomeImgLoad\" src=\"https://res.vmallres.com/pimages/detailImg/2020/02/25/495823F41E71E5FADD07B86B732C8857F66E5BDF76EA91FE.jpg\"><img class=\"gomeImgLoad\" src=\"https://res.vmallres.com/pimages/detailImg/2020/02/25/F770092018C4A16C0A7C9B48BAD5B851C76691A73B642106.jpg\"><img class=\"gomeImgLoad\" src=\"https://res.vmallres.com/pimages/detailImg/2020/02/25/4925909A6CF8475A18FD2D835C558C4F490C8345E91A674E.jpg\"><img  class=\"gomeImgLoad\" src=\"https://res.vmallres.com/pimages/detailImg/2020/02/25/22B5CB3A1667463BD44C64BBDA8F41CA28E708856744F998.jpg\"><img class=\"gomeImgLoad\" src=\"https://res.vmallres.com/pimages/detailImg/2020/02/25/3D26ED9B41F0BD670E749D7074369C52564E90B231080FA3.jpg\">', '010');
INSERT INTO `detaileddescription` VALUES ('A011', '1899', '2300', '华为畅享20 5G 5000mAh大电池丨6.6英寸高清大屏', '21342345435', '3454', '主要参数\r\n\r\n    传播名\r\n    华为畅享Z 5G\r\n    后置摄像头\r\n    后置三摄：4800万像素(主摄，f/1.8光圈)+800万像素（广角，f/2.4光圈）+200万像素（f/2.4光圈）\r\n    备注：不同拍照模式的照片像素可能有差异，请以实际为准。\r\n    电池容量\r\n    4000mAh（典型值）\r\n    前置摄像头\r\n    1600万像素\r\n    备注：不同拍照模式的照片像素可能有差异，请以实际为准。\r\n    屏幕尺寸\r\n    6.5英寸\r\n    备注：显示屏采用圆角设计，按照标准矩形测量时，屏幕的对角线长度是6.5 英寸 (实际可视区域略小）。\r\n    屏幕色彩\r\n    16.7M\r\n    运行内存（RAM）\r\n    6GB\r\n    备注：可使用的内存容量小于此值，因为手机软件占用部分空间。\r\n    机身内存（ROM）\r\n    64GB\r\n    备注：可使用的内存容量小于此值，因为手机软件占用部分空间。\r\n    最大存储扩展\r\n    NM 存储卡，最大支持256GB\r\n    备注：非标配，需另行购买。\r\n    分辨率\r\n    2400*1080\r\n    CPU型号\r\n    联发科天玑800（MT6873）\r\n    双卡\r\n    双卡双待\r\n\r\n主体\r\n\r\n    品牌\r\n    HUAWEI\r\n    型号\r\n    DVC-AN00\r\n    传播名\r\n    华为畅享Z 5G\r\n    外观设计\r\n    2.5D\r\n    智能手机\r\n    是\r\n    操作系统\r\n    Android 10\r\n    用户界面\r\n    EMUI 10.1\r\n    CPU型号\r\n    联发科天玑800（MT6873）\r\n    CPU频率\r\n    4*Cortex-A76 2.0GHz + 4*Cortex-A55 2.0GHz\r\n    双卡\r\n    双卡双待\r\n    键盘类型\r\n    虚拟键盘\r\n    输入方式\r\n    百度输入法华为版\r\n    特色功能\r\n    超级夜景、4K视频录像\r\n\r\n网络\r\n\r\n    5G网络制式\r\n    移动5G/联通5G/电信5G\r\n    4G网络制式\r\n    移动4G（TD-LTE）/联通4G（TD-LTE/LTE FDD）/电信4G（TD-LTE/LTE FDD）\r\n    3G网络制式\r\n    联通3G（WCDMA）/电信3G（CDMA2000）\r\n    2G网络制式\r\n    移动2G（GSM）/联通2G（GSM）/电信2G（CDMA 1X）\r\n\r\n屏幕\r\n\r\n    屏幕尺寸\r\n    6.5英寸\r\n    备注：显示屏采用圆角设计，按照标准矩形测量时，屏幕的对角线长度是6.5 英寸 (实际可视区域略小）。\r\n    屏幕色彩\r\n    16.7M\r\n    屏幕材质\r\n    TFT\r\n    屏幕比例\r\n    20:9\r\n    屏幕类型\r\n    LCD\r\n    分辨率\r\n    2400*1080\r\n    触摸屏\r\n    多点触控\r\n    屏幕像素密度PPI\r\n    405\r\n    屏占比\r\n    91.2% （AA/TP）\r\n\r\n传感器\r\n\r\n    重力感应器\r\n    支持\r\n    环境光传感器\r\n    支持\r\n    指纹传感器\r\n    支持\r\n    陀螺仪\r\n    支持\r\n    指南针\r\n    支持\r\n\r\n存储\r\n\r\n    运行内存（RAM）\r\n    6GB\r\n    备注：可使用的内存容量小于此值，因为手机软件占用部分空间。\r\n    机身内存（ROM）\r\n    64GB\r\n    备注：可使用的内存容量小于此值，因为手机软件占用部分空间。\r\n    储存卡类型\r\n    NM Card\r\n    最大存储扩展\r\n    NM 存储卡，最大支持256GB\r\n    备注：非标配，需另行购买。\r\n\r\n娱乐功能\r\n\r\n    收音机\r\n    支持\r\n\r\n拍摄功能\r\n\r\n    后置摄像头\r\n    后置三摄：4800万像素(主摄，f/1.8光圈)+800万像素（广角，f/2.4光圈）+200万像素（f/2.4光圈）\r\n    备注：不同拍照模式的照片像素可能有差异，请以实际为准。\r\n    前置摄像头\r\n    1600万像素\r\n    备注：不同拍照模式的照片像素可能有差异，请以实际为准。\r\n    闪光灯\r\n    支持\r\n    视频拍摄\r\n    支持\r\n    防抖模式\r\n    支持\r\n    变焦模式\r\n    数码变焦\r\n    拍摄模式\r\n    超级夜景、前置夜景、超级微距、4K视频录像\r\n    自动对焦\r\n    支持\r\n\r\n传输功能\r\n\r\n    WLAN\r\n    支持\r\n    WLAN 协议\r\n    802.11 a/b/g/n/ac\r\n    WLAN 频率\r\n    2.4G /5G\r\n    蓝牙\r\n    支持\r\n    蓝牙文件传输\r\n    支持\r\n    手机投屏\r\n    支持\r\n    Glonass\r\n    支持\r\n    北斗\r\n    支持\r\n    AGPS\r\n    支持\r\n    导航软件\r\n    内置\r\n    NFC\r\n    不支持\r\n\r\n通话和信息功能\r\n\r\n    语音\r\n    支持\r\n    彩信\r\n    支持\r\n    4G语音方案\r\n    VoLTE\r\n    视频通话\r\n    第三方\r\n    语音通话\r\n    支持\r\n\r\n个人助理\r\n\r\n    指纹\r\n    侧边指纹\r\n\r\n其他\r\n\r\n    电池类型\r\n    锂聚合物电池\r\n    电池容量\r\n    4000mAh（典型值）\r\n    电池更换\r\n    不支持（内置不可拆卸）\r\n    充电器\r\n    标配10V/2.25A\r\n    快充\r\n    支持\r\n    数据线接口\r\n    Type-C\r\n    耳机接口\r\n    3.5mm\r\n    SIM卡类型\r\n    Nano SIM SIM卡1：nano SIM；SIM卡2：nano SIM\r\n    备注：卡槽2 是nano SIM卡或NM Card卡二选一。\r\n    软件名称\r\n    华为终端智能设备人机交互通信软件V10.0\r\n    机身尺寸\r\n    约160mm（长）*75.32mm（宽）*8.35mm（厚）\r\n    备注：实际尺寸依配置、制造工艺、测量方法的不同可能有所差异。\r\n    机身重量\r\n    约182g（含电池）\r\n    备注：实际重量依配置、制造工艺、测量方法的不同可能有所差异。<img class=\"gomeImgLoad\" src=\"https://res.vmallres.com/pimages/detailImg/2020/06/01/A0B97A3BA18373AEBD731AF94D407DB410C173055F023BEA.jpg\"><img class=\"gomeImgLoad\" src=\"https://res.vmallres.com/pimages/detailImg/2020/06/01/A2712129E79C07F33D946AE415AC6114693ADA1549AF66D4.jpg\"><img class=\"gomeImgLoad\"  src=\"https://res.vmallres.com/pimages/detailImg/2020/06/01/E3129BC785CC724677D7B605B4545444033614DBEA5D3BBF.jpg\"><img class=\"gomeImgLoad\" src=\"https://res.vmallres.com/pimages/detailImg/2020/06/01/31661FED17377FE3330DF613CA5ED97CE9CB32E6B0E3D4EE.jpg\"><img  class=\"gomeImgLoad\" src=\"https://res.vmallres.com/pimages/detailImg/2020/06/01/E1FB9912650C848EE6D569C08593635386B2942F07107839.jpg\"><img class=\"gomeImgLoad\"  src=\"https://res.vmallres.com/pimages/detailImg/2020/06/01/DA24809A6A2F6F6FA801B5A4EAE24862311A2966B486D4D9.jpg\">', '011');
INSERT INTO `detaileddescription` VALUES ('A012', '12999', '14999', 'Mate 30 RS 保时捷设计 5G 超曲面OLED环幕屏', '23867645654', '4233', '主要参数\r\n\r\n    传播名\r\n    HUAWEI Mate 30 RS 保时捷设计\r\n    后置摄像头\r\n    后置超感光徕卡电影四摄：4000万像素电影摄像头（超广角，f/1.8光圈）+4000万像素超感光摄像头(广角，f/1.6光圈，支持OIS)+800万像素长焦摄像头（f/2.4光圈，支持OIS）+3D深感摄像头，支持自动对焦\r\n    备注：不同拍照模式的照片像素可能有差异，请以实际为准。\r\n    电池容量\r\n    4500mAh（典型值）\r\n    备注：电池额定容量为4400mAh\r\n    前置摄像头\r\n    3200万像素（f/2.0光圈，支持固定焦距）+3D深感摄像头，\r\n    备注：不同拍照模式的照片像素可能有差异，请以实际为准。\r\n    屏幕尺寸\r\n    6.53英寸。\r\n    备注：显示屏采用圆角设计，按照标准矩形测量时，屏幕的对角线长度是6.53英寸（实际可视区域略小）\r\n    上市时间\r\n    2019年11月\r\n    屏幕色彩\r\n    1670万色，DCI-P3广色域\r\n    运行内存（RAM）\r\n    12GB\r\n    备注：可使用的内存容量小于此值，因为手机软件占用部分空间\r\n    机身内存（ROM）\r\n    512G\r\n    备注：可使用的内存容量小于此值，因为手机软件占用部分空间\r\n    最大支持扩展\r\n    256GB NM存储卡（非标配，需另行购买）\r\n    分辨率\r\n    FHD+ 2400×1176 像素\r\n    备注：该分辨率对应标准矩形，实际屏幕有效像素略少。\r\n    CPU型号\r\n    HUAWEI Kirin 990 5G(麒麟990 5G)\r\n    CPU核数\r\n    八核\r\n    双卡\r\n    双卡双待\r\n\r\n主体\r\n\r\n    品牌\r\n    华为 HUAWEI\r\n    型号\r\n    LIO-AN00P\r\n    传播名\r\n    HUAWEI Mate 30 RS 保时捷设计\r\n    上市时间\r\n    2019年11月\r\n    外观设计\r\n    直板\r\n    智能手机\r\n    是\r\n    操作系统\r\n    EMUI 10.0（基于Android 10）\r\n    用户界面\r\n    EMUI 10.0\r\n    CPU型号\r\n    HUAWEI Kirin 990 5G(麒麟990 5G)\r\n    CPU核数\r\n    八核\r\n    CPU主频\r\n    2*Cortex-A76 Based 2.86GHz + 2*Cortex-A76 Based 2.36GHz + 4*Cortex-A55 1.95GHz\r\n    GPU\r\n    Mali G76\r\n    NPU\r\n    双大核NPU+微核NPU(神经网络处理单元)\r\n    双卡\r\n    双卡双待\r\n    输入方式\r\n    百度输入法华为版\r\n    特色功能\r\n    隔空操控、屏幕随心、侧屏触控、多屏协同、畅连通话、多彩灭屏显示、人脸解锁, 智慧视频, 智能截屏, 语音控制, 情景智能, 名片扫描, Huawei Share, 支付保护中心, 天际通, 运动健康, 单手操作, 皮套模式, 杂志锁屏, 玩机技巧, 应用锁, 应用分身, 隐私空间, 密码保险箱, 三重备份与恢复（云空间, 外部存储, 华为手机助手）, 手机克隆\r\n    系统导航方式\r\n    手势导航、屏幕内三键导航、悬浮导航\r\n\r\n网络\r\n\r\n    网络制式\r\n    支持联通/电信5G/4G+/4G/3G/2G，移动 5G/4G+/4G/2G；\r\n    备注： *卡槽1, 2可以任意切换为默认移动数据卡。 *如果两张都是电信卡，副卡（非默认移动数据卡）必须开通电信VoLTE业务，才能同时使用电信双卡。 *5G/4G网络使用，需要根据运营商网络和相关业务部署情况确定是否支持。\r\n    5G网络制式\r\n    移动5G（NR）/联通5G（NR）/电信5G（NR)\r\n    4G网络制式\r\n    主卡：移动4G（TD-LTE）/联通4G（TD-LTE/LTE FDD）/电信 4G（TD-LTE/LTE FDD）；副卡：移动4G（TD-LTE）/联通4G（TD-LTE/LTE FDD）/电信 4G（TD-LTE/LTE FDD）\r\n    3G网络制式\r\n    主卡：联通3G（WCDMA）/电信3G（CDMA 2000）；副卡：联通3G（WCDMA）\r\n    2G网络制式\r\n    主卡：移动2G（GSM）/联通2G（GSM）/电信2G（CDMA 1X）；副卡：移动2G（GSM）/联通2G（GSM）/电信2G（CDMA 1X）；\r\n    备注：*电信双卡时，副卡（非默认移动数据卡）不支持电信2G\r\n    网络频率\r\n    主卡：5G NR：n77/n78/n79，n1/n3/n28（TX:703-733MHz,RX:758-788MHz）/n41（2515-2690MHz）FDD-LTE：B1/B2/B3/B4/B5/B6/B7/B8/B9/B12/B17/B18/B19/B20/B26/B28TD-LTE：B34/B38/B39/B40/B41UMTS（WCDMA）/HSPA+/DC-HSDPA：B1/B2/B4/B5/B6/B8/B19CDMA（主副卡二选一）：BC0（ 800MHz）；（仅限中国电信（中国大陆+澳门））GSM： B2/B3/B5/B8（850/900/1800/1900 MHz）备注：各个地区的网络和频段可能有所不同，具体取决于当地运营商以及您所在的位置。如果同时插入两张电信卡，只有一张电信卡可以使用2G/3G/4G/5G，另一张电信卡只能使用4G LTE。副卡：FDD-LTE: B1/B2/B3/B4/B5/B6/B7/B8/B9/B12/B17/B18/B19/B20/B26/B28TD-LTE：B34/B38/B39/B40/B41WCDMA：B1/B2/B4/B5/B6/B8/B19CDMA：BC0（仅限中国电信（中国大陆+澳门））GSM：B2/B3/B5/B8 。备注：各个地区的网络和频段可能有所不同，具体取决于当地运营商以及您所在的位置。\r\n    数据业务\r\n    5G NR/TD-LTE/FDD-LTE/WCDMA/HSPA+/DC-HSDPA/EVDO/CDMA1X/EDGE/GPRS，支持VoLTE/ViLTE\r\n    备注：*各个地区的网络和频段可能有所不同，具体取决于当地运营商以及您所在的位置。*CDMA仅限中国电信（中国大陆+澳门）。*VoLTE/ViLTE依赖运营商网络支持并开通相关业务。\r\n    浏览器\r\n    支持（华为EMUI 浏览器）\r\n    副卡是否可以上网\r\n    支持。\r\n    备注：*支持盲插，数据账户与5G账户设置绑定；*用户需打开“智能切换上网卡”的开关，主卡不能上网时自动切换到副卡上网；*副卡VOLTE通话，依赖运营商网络是否开通相关业务；*使用中国移动或者中国联通作为默认移动数据主卡，主卡支持5G网络，若副卡是中国移动卡，则支持2G/4G网络；若副卡是中国联通或者中国电信卡，则支持2G/3G/4G网络；*使用中国电信作为默认移动数据主卡，主卡支持5G网络，若副卡是中国电信卡，则支持4G网络，若副卡是中国移动卡，则支持2G/4G网络；若副卡是中国联通卡，则支持2G/3G/4G网络；\r\n\r\n屏幕\r\n\r\n    屏幕尺寸\r\n    6.53英寸。\r\n    备注：显示屏采用圆角设计，按照标准矩形测量时，屏幕的对角线长度是6.53英寸（实际可视区域略小）\r\n    屏幕色彩\r\n    1670万色，DCI-P3广色域\r\n    屏幕类型\r\n    OLED\r\n    分辨率\r\n    FHD+ 2400×1176 像素\r\n    备注：该分辨率对应标准矩形，实际屏幕有效像素略少。\r\n    触摸屏\r\n    多点触控触摸屏，最多支持10点触控\r\n\r\n传感器\r\n\r\n    3D人脸识别\r\n    支持\r\n    环境光传感器\r\n    支持\r\n    红外传感器\r\n    支持\r\n    指纹传感器\r\n    屏内指纹\r\n    霍尔传感器\r\n    支持\r\n    陀螺仪\r\n    支持\r\n    指南针\r\n    支持\r\n    NFC\r\n    支持读卡器模式、点对点模式、卡模拟模式（华为钱包支付，SIM卡支付*，HCE支付） * SIM卡支付所使用的SIM卡只能放在SIM1卡槽。\r\n    气压计\r\n    支持\r\n    接近光传感器\r\n    支持\r\n    重力传感器\r\n    支持\r\n    其他传感器\r\n    姿态感应器、色温传感器\r\n\r\n存储\r\n\r\n    运行内存（RAM）\r\n    12GB\r\n    备注：可使用的内存容量小于此值，因为手机软件占用部分空间\r\n    机身内存（ROM）\r\n    512G\r\n    备注：可使用的内存容量小于此值，因为手机软件占用部分空间\r\n    存储卡类型\r\n    NM存储卡\r\n    最大支持扩展\r\n    256GB NM存储卡（非标配，需另行购买）\r\n\r\n娱乐功能\r\n\r\n    音效\r\n    华为Histen\r\n\r\n拍摄功能\r\n\r\n    后置摄像头\r\n    后置超感光徕卡电影四摄：4000万像素电影摄像头（超广角，f/1.8光圈）+4000万像素超感光摄像头(广角，f/1.6光圈，支持OIS)+800万像素长焦摄像头（f/2.4光圈，支持OIS）+3D深感摄像头，支持自动对焦\r\n    备注：不同拍照模式的照片像素可能有差异，请以实际为准。\r\n    前置摄像头\r\n    3200万像素（f/2.0光圈，支持固定焦距）+3D深感摄像头，\r\n    备注：不同拍照模式的照片像素可能有差异，请以实际为准。\r\n    传感器类型\r\n    BSI CMOS\r\n    闪光灯\r\n    后置双LED闪光灯\r\n    视频拍摄\r\n    后置摄像头：最大支持4K（3840 × 2160）视频录制，支持AIS防抖；支持720p@7680fps，720p@1920fps，1080p@960fps超级慢动作视频视频录制\r\n    备注：720p@7680fps基于AI插帧算法技术实现）；最大支持FHD+（2288 × 1080\r\n    防抖模式\r\n    OIS/AIS\r\n    变焦模式\r\n    后置摄像头：3倍光学变焦（3倍变焦为近似值，镜头焦段分别为18mm，27mm，80mm）、5倍混合变焦（三个摄像头通过不同组合实现各种环境下出色的5倍变焦效果）、30倍数字变焦；前置摄像头：不支持\r\n    照片分辨率\r\n    后置摄像头：最大可支持 7296 × 5472像素；前置摄像头：最大可支持 6528 × 4896像素\r\n    备注：不同拍照模式的照片像素可能有差异，请以实际为准。\r\n    摄像分辨率\r\n    后置摄像头：最大可支持 3840 × 2160像素；前置摄像头：最大可支持 2288 × 1080像素\r\n    备注：不同拍摄模式的视频像素可能有差异，请以实际为准。\r\n    拍摄功能\r\n    后置摄像头：超高速摄影、超高清夜摄、延时摄影、超大广角、大光圈虚化、双景录像、超级夜景、人像模式、专业模式、慢动作、全景模式、黑白艺术、流光快门、HDR、智能滤镜、水印、文档矫正、AI摄影大师、动态照片、4D预测追焦、笑脸抓拍、声控拍照、定时拍照、连拍；前置摄像头：人像模式、全景模式、趣AR、延时摄影、动态照片、智能滤镜、水印、笑脸抓拍、自拍镜像、声控拍照、定时拍照\r\n\r\n传输功能\r\n\r\n    WLAN\r\n    支持\r\n    WLAN直连\r\n    支持\r\n    WLAN 协议\r\n    802.11 a/b/g/n/ac (wave2)，MIMO,VHT160\r\n    WLAN 频率\r\n    2.4GHz和5GHz\r\n    WLAN热点\r\n    支持\r\n    蓝牙\r\n    Bluetooth 5.1，支持低功耗蓝牙，支持SBC、AAC，支持LDAC高清音频\r\n    蓝牙文件传输\r\n    支持\r\n    PC数据同步\r\n    支持\r\n    OTG\r\n    支持（反向供电时最大输出电流1A/5V）\r\n    红外遥控\r\n    支持\r\n    USB\r\n    Type-C，USB 3.1 GEN1，支持DP1.2\r\n    备注：*USB 3.1 GEN1功能需搭配支持USB 3.1 GEN1的数据线（非标配，需另行购买）使用。*标配数据线支持USB 2.0。\r\n    GPS\r\n    支持 GPS（L1+L5双频）/AGPS/Glonass/北斗/ 伽利略（E1+E5a双频）/QZSS（L1+L5双频）\r\n    手机投屏\r\n    支持\r\n    导航软件\r\n    支持第三方地图导航\r\n\r\n通话和信息功能\r\n\r\n    语音\r\n    支持屏幕发声\r\n    视频通话\r\n    支持（运营商和第三方软件）\r\n\r\n个人助理\r\n\r\n    Office\r\n    支持（内置WPS Office，支持OFFICE文档查看和编辑，支持pdf文档查看，支持zip解压等）\r\n    浏览器\r\n    支持\r\n    电子邮件\r\n    支持（POP3/IMAP/Exchange）\r\n    计算器\r\n    支持\r\n    闹钟\r\n    支持（支持关机闹钟）\r\n    录音\r\n    支持，并支持通话录音\r\n    人脸解锁\r\n    支持3D人脸解锁\r\n    无线充电\r\n    支持27W华为无线超级快充，支持无线反向充电。\r\n    备注：需单独购买华为超级快充无线充电器或华为超级快充无线车充。\r\n\r\n防护级别\r\n\r\n    防尘防水\r\n    支持防尘抗水（IP53）\r\n    备注：本手机并非专业防水手机，在正常使用状态下可防溅、抗水、防尘，在受控实验室条件下经测试，其效果在GB/T 4208-2017（国内）/ IEC 60529（海外）标准下达到 IP53 级别。防溅、抗水、防尘功能并非永久有效，防护性能可能会因日常磨损而下降。请勿在潮湿状态下为手机充电；请参阅使用手册了解清洁和干燥说明。由于浸入液体而导致的损坏不在保修范围之内。\r\n\r\n其他\r\n\r\n    电池类型\r\n    锂离子聚合物电池\r\n    电池容量\r\n    4500mAh（典型值）\r\n    备注：电池额定容量为4400mAh\r\n    电池更换\r\n    电池内置不可拆卸\r\n    充电器\r\n    标配充电器支持10V/4A或9V/2A或5V/2A输出\r\n    理论充电时间\r\n    约1.13小时。\r\n    备注：上述数据为使用标配充电器灭屏充电的实验室数据，实际充电时间，视使用情况而有所不同\r\n    理论待机时间\r\n    最长可达11.7天。\r\n    备注：上述数据为实验室数据，实际待机时间，视当地的实际网络情况和使用习惯而有所不同。\r\n    理论通话时间\r\n    理论3G通话时间：最长可达24.2小时。\r\n    备注：上述数据为实验室数据，实际通话时间，视当地的实际网络情况和使用习惯而有所不同\r\n    快充\r\n    手机支持最大10V/4A超级快充，兼容4.5V/5A或5V/4.5A超级快充，兼容9V/2A快充。手机同时支持27W华为无线超级快充，支持无线反向充电。\r\n    备注：需单独购买华为超级快充无线充电器或华为超级快充无线车充。\r\n    数据线接口\r\n    Type-C，USB 3.1 GEN1，支持DP1.2\r\n    备注：*USB 3.1 GEN1功能需搭配支持USB 3.1 GEN1的数据线（非标配，需另行购买）使用。*标配数据线支持USB 2.0。\r\n    耳机接口\r\n    Type-C\r\n    备注：支持Type-C模拟和数字耳机。\r\n    SIM卡类型\r\n    卡槽1：nano SIM卡 ；卡槽2：nano SIM卡或超微型存储卡（NM存储卡）\r\n    备注： 请将超微型存储卡（NM存储卡）插入卡槽 2 使用。如果需要，您可以在华为商城和华为授权经销商处购买。\r\n    抗指纹\r\n    支持防指纹膜（疏油层）\r\n    软件名称\r\n    华为终端智能设备人机交互通信软件V9.0\r\n    产品工作温度\r\n    0℃～35℃\r\n    产品存储温度\r\n    –20℃～45℃\r\n    整机充放电温度\r\n    放电：-20℃-60℃，充电：0℃-50℃ 电池单体规格书中充电温度范围为0℃-60℃\r\n    机身尺寸\r\n    158.1mm（长）×73.1mm（宽）×9.3mm（厚）\r\n    备注：实际尺寸依配置、制造工艺、测量方法的不同可能有所差异。\r\n    机身重量\r\n    约198克（含电池）\r\n    备注：实际重量依配置、制造工艺、测量方法的不同可能有所差异。\r\n    防溅、抗水、防尘*\r\n    IP53级别\r\n    备注：本手机并非专业防水手机，在正常使用状态下可防溅、抗水、防尘，在受控实验室条件下经测试，其效果在GB/T 4208-2017（国内）/ IEC 60529（海外）标准下达到 IP53 级别。防溅、抗水、防尘功能并非永久有效，防护性能可能会因日常磨损而下降。请勿在潮湿状态下为手机充电；请参阅使用手册了解清洁和干燥说明。由于浸入液体而导致的损坏不在保修范围之内<img class=\"gomeImgLoad\" src=\"https://res.vmallres.com/pimages/detailImg/2019/11/04/6CC13080114E61B7B3FB9DBC8A62924E3AD87A85160EE84B.jpg\"><img  class=\"gomeImgLoad\" src=\"https://res.vmallres.com/pimages/detailImg/2020/03/23/ADCD34514843F83E0DC4CD65CA7793FD7EC82036DF96CDE1.jpg\" style=\"\"><img class=\"gomeImgLoad\" src=\"https://res.vmallres.com/pimages/detailImg/2020/03/23/341E8AC9525A7DC49DCD0A79420656885E058E6B38F4B53F.jpg\" style=\"\"><img class=\"gomeImgLoad\" src=\"https://res.vmallres.com/pimages/detailImg/2020/03/23/86AD6EF1F7DADC689BFF696CF4C9FAF50B6FE075B13C330D.jpg\" style=\"\"><img  class=\"gomeImgLoad\" src=\"https://res.vmallres.com/pimages/detailImg/2020/03/23/1DC2167E22CC70D6AB3CFE2710F18A685AA8D943B962DFAB.jpg\" style=\"\"><img class=\"gomeImgLoad\" src=\"https://res.vmallres.com/pimages/detailImg/2020/03/23/C8B25F7456B06402252518EC247B2CFD03982D0751CBCA44.jpg\" style=\"\">', '012');

-- ----------------------------
-- Table structure for `detailstake`
-- ----------------------------
DROP TABLE IF EXISTS `detailstake`;
CREATE TABLE `detailstake` (
  `detailsTakeId` char(16) NOT NULL COMMENT '商品详情轮播图片id',
  `img1` varchar(200) DEFAULT NULL COMMENT '轮播图片',
  `commodityId` char(16) NOT NULL COMMENT '商品列表外键',
  PRIMARY KEY (`detailsTakeId`)
) ENGINE=InnoDB DEFAULT CHARSET=utf8mb4;

-- ----------------------------
-- Records of detailstake
-- ----------------------------
INSERT INTO `detailstake` VALUES ('001', '../../static/goods-detail/img11.png', '001');
INSERT INTO `detailstake` VALUES ('002', '../../static/goods-detail/img12.png', '001');
INSERT INTO `detailstake` VALUES ('003', '../../static/goods-detail/img13.png', '001');
INSERT INTO `detailstake` VALUES ('004', '../../static/goods-detail/img21.png', '002');
INSERT INTO `detailstake` VALUES ('005', '../../static/goods-detail/img22.png', '002');
INSERT INTO `detailstake` VALUES ('006', '../../static/goods-detail/img23.png', '002');
INSERT INTO `detailstake` VALUES ('007', '../../static/goods-detail/img31.png', '003');
INSERT INTO `detailstake` VALUES ('008', '../../static/goods-detail/img32.png', '003');
INSERT INTO `detailstake` VALUES ('009', '../../static/goods-detail/img33.png', '003');
INSERT INTO `detailstake` VALUES ('010', '../../static/goods-detail/img41.png', '004');
INSERT INTO `detailstake` VALUES ('011', '../../static/goods-detail/img42.png', '004');
INSERT INTO `detailstake` VALUES ('012', '../../static/goods-detail/img43.png', '004');
INSERT INTO `detailstake` VALUES ('013', '../../static/goods-detail/img51.png', '005');
INSERT INTO `detailstake` VALUES ('014', '../../static/goods-detail/img52.png', '005');
INSERT INTO `detailstake` VALUES ('015', '../../static/goods-detail/img53.png', '005');
INSERT INTO `detailstake` VALUES ('016', 'https://res.vmallres.com/pimages//product/6901443330515/800_800_61B2B001C67911714144CEE032220DBA78590283EA410A10mp.png', '006');
INSERT INTO `detailstake` VALUES ('017', 'https://res.vmallres.com/pimages//product/6901443330515/group//800_800_A84ED21C01BBFB48C0032D739EF92641071622A5F56DC145.png', '006');
INSERT INTO `detailstake` VALUES ('018', 'https://res.vmallres.com/pimages//product/6901443330515/group//800_800_7E97C3B2AE95B48CB6982B2477F484373A0CE012231EE45F.png', '006');
INSERT INTO `detailstake` VALUES ('019', 'https://res.vmallres.com/pimages//product/6901443356119/group//800_800_727099B932B5E96C761ADDD4202F4CC17AF9D6BBCFCAC6BE.png', '007');
INSERT INTO `detailstake` VALUES ('020', 'https://res.vmallres.com/pimages//product/6901443356119/group//800_800_B7405AA977E705F0DF8171F90DBD593ECCBF92243C3E6E3D.jpg', '007');
INSERT INTO `detailstake` VALUES ('021', 'https://res.vmallres.com/pimages//product/6901443356119/group//800_800_B9DF0590ACA91DE85A82AAF38940E2A6437D0FE4101DFCF0.jpg', '007');
INSERT INTO `detailstake` VALUES ('022', 'https://res.vmallres.com/pimages//product/6972453162908/800_800_D64AC9A60249AEF4371E69817D3233386C1904A248B93278mp.png', '008');
INSERT INTO `detailstake` VALUES ('023', 'https://res.vmallres.com/pimages//product/6972453162908/group//800_800_BFE5E4412EE9A7783C7613484581EC0B87A772D9C81341A0.png', '008');
INSERT INTO `detailstake` VALUES ('024', 'https://res.vmallres.com/pimages//product/6972453162908/group//800_800_564D4F9C36E8F93F5BF09F5A21B1EC606F81601AFBCFF732.png', '008');
INSERT INTO `detailstake` VALUES ('025', 'https://res.vmallres.com/pimages//product/6901443353125/800_800_843D9A399BDE267826C8BE3F0F68A903E015089FCD5087D9mp.png', '009');
INSERT INTO `detailstake` VALUES ('026', 'https://res.vmallres.com/pimages//product/6901443353125/group//800_800_4F57F4D6AD2DF0C65FAF89EAA570D1877F6199A1E755B7DB.png', '009');
INSERT INTO `detailstake` VALUES ('027', 'https://res.vmallres.com/pimages//product/6901443353125/group//800_800_29CC456AB5AD8ABB9707D7392087A3629896E467A0DEA817.png', '009');
INSERT INTO `detailstake` VALUES ('028', 'https://res.vmallres.com/pimages//product/6901443376506/800_800_5A4871DB483B6E0D92CA527C3D367A6A32E2B433F5870412mp.png', '010');
INSERT INTO `detailstake` VALUES ('029', 'https://res.vmallres.com/pimages//product/6901443376506/group//800_800_A2AB9EC13852D95C5C1C6619D7661E1E006477D18FF0269E.png', '010');
INSERT INTO `detailstake` VALUES ('030', 'https://res.vmallres.com/pimages//product/6901443376506/group//800_800_12F18330CB283672F16B16EC03B87883778D6B38E5850436.png', '010');
INSERT INTO `detailstake` VALUES ('031', 'https://res.vmallres.com/pimages//product/6972453164933/800_800_FA09FC63048E339DA47CDC56D7523C6C0125873D8D728F7Amp.png', '011');
INSERT INTO `detailstake` VALUES ('032', 'https://res.vmallres.com/pimages//product/6972453164933/group//800_800_D74C32426F1D64F10CF6B5915F7C199FE998C3A5F12A74F5.png', '011');
INSERT INTO `detailstake` VALUES ('033', 'https://res.vmallres.com/pimages//product/6972453164933/group//800_800_0E0A4D34929C0955DB917335280083DADBE607D18E00ABE8.png', '011');
INSERT INTO `detailstake` VALUES ('034', 'https://res.vmallres.com/pimages//product/6901443353347/800_800_484D42DB83550E7CF59813E6BE3E2A9A4CF07CF0E75E32A3mp.png', '012');
INSERT INTO `detailstake` VALUES ('035', 'https://res.vmallres.com/pimages//product/6901443353347/group//800_800_BC41681626916AD9135E7365B21C012FBB0061956E4178D1.png', '012');
INSERT INTO `detailstake` VALUES ('036', 'https://res.vmallres.com/pimages//product/6901443353347/group//800_800_0C249F940307EE886E67DAA8E9538A5A48DDB18DFC9A249A.png', '012');

-- ----------------------------
-- Table structure for `picture`
-- ----------------------------
DROP TABLE IF EXISTS `picture`;
CREATE TABLE `picture` (
  `pictureId` char(16) NOT NULL COMMENT '图片id',
  `pictureSite` varchar(50) DEFAULT NULL COMMENT '图片地址',
  PRIMARY KEY (`pictureId`)
) ENGINE=InnoDB DEFAULT CHARSET=utf8mb4;

-- ----------------------------
-- Records of picture
-- ----------------------------
INSERT INTO `picture` VALUES ('001', '../../static/picture/img1.jpg');
INSERT INTO `picture` VALUES ('002', '../../static/picture/img4.jpg');
INSERT INTO `picture` VALUES ('003', '../../static/picture/img5.jpg');

-- ----------------------------
-- Table structure for `title`
-- ----------------------------
DROP TABLE IF EXISTS `title`;
CREATE TABLE `title` (
  `titleId` char(16) NOT NULL COMMENT '标题主键',
  `titleName` varchar(50) DEFAULT NULL COMMENT '标题名字',
  `contentId` char(16) NOT NULL COMMENT '内容id外键',
  PRIMARY KEY (`titleId`)
) ENGINE=InnoDB DEFAULT CHARSET=utf8mb4;

-- ----------------------------
-- Records of title
-- ----------------------------
INSERT INTO `title` VALUES ('A001', '家具生活', 'B001');
INSERT INTO `title` VALUES ('A002', '摄影设计', 'B002');
INSERT INTO `title` VALUES ('A003', '明星美女', 'B003');
INSERT INTO `title` VALUES ('A004', '空间设计', 'B004');
INSERT INTO `title` VALUES ('A005', '户型装饰', 'B005');
INSERT INTO `title` VALUES ('A006', '广告摄影', 'B006');
INSERT INTO `title` VALUES ('A007', '摄影学习', 'B007');
INSERT INTO `title` VALUES ('A008', '摄影器材', 'B008');
INSERT INTO `title` VALUES ('A009', '明星写真', 'B009');
INSERT INTO `title` VALUES ('A010', '清纯甜美', 'B010');

-- ----------------------------
-- Table structure for `t_user`
-- ----------------------------
DROP TABLE IF EXISTS `t_user`;
CREATE TABLE `t_user` (
  `userId` varchar(255) NOT NULL COMMENT '用户ID',
  `userName` varchar(255) NOT NULL COMMENT '用户名字',
  `gender` varchar(4) DEFAULT NULL COMMENT '性别',
  `phone` varchar(11) DEFAULT NULL COMMENT '电话号码',
  `age` int(11) DEFAULT NULL COMMENT '年龄',
  `password` char(50) DEFAULT NULL COMMENT '密码',
  PRIMARY KEY (`userId`)
) ENGINE=InnoDB DEFAULT CHARSET=utf8mb4;

-- ----------------------------
-- Records of t_user
-- ----------------------------
INSERT INTO `t_user` VALUES ('A001', '张三', '男', '12354654634', '23', '123456');
INSERT INTO `t_user` VALUES ('A002', '李四', '男', '18923054038', '18', '123456');
INSERT INTO `t_user` VALUES ('A003', '王五', '女', '14029439869', '36', '123456');
